team,year,pythag_wins,wins,yds_per_game,ydsvs_per_game,Pen_per_snap,Fum_per_snap,Rate,ypt,Int_per_Att,SPct,ypc,KRB_per_Rply,Rate_vs,PDPct,Intvs_per_Att,ypt_vs,SPct_vs,KRBvs_per_Rply,ypc_vs,PR_avg,KR_avg,Net_punt_vs,OppPR_avg,OppKR_avg,Net_punt,Punt_for
New Orleans Saints,2045,11.7,14.0,382.0,327.9,6.5,0.448,100.7,7.48,1.16,8.1,4.86,34.2,80.6,58.8,2.63,6.39,4.1,29.6,4.28,13.9,22.7,36.5,11.1,23.9,39.2,46.7
Atlanta Falcons,2045,8.9,9.0,346.3,359.2,14.1,0.598,103.1,6.75,1.75,3.2,4.95,32.1,79.1,53.4,3.74,6.92,5.6,31.8,4.43,7.9,28.9,39.3,6.9,26.9,40.3,47.4
Seattle Seahawks,2045,12.1,12.0,375.5,316.8,8.9,1.306,102.7,7.52,0.44,4.2,4.55,39.8,70.6,66.0,4.0,6.12,6.7,29.0,4.52,13.7,29.5,35.4,10.2,24.8,37.9,46.7
San Francisco 49ers,2045,8.6,10.0,390.6,373.1,6.8,1.077,85.9,6.94,2.55,4.2,4.78,34.1,84.6,46.2,2.7,6.73,3.1,37.4,4.71,11.0,28.1,37.7,13.8,26.4,38.4,48.6
Houston Texans,2045,10.2,10.0,352.1,353.7,10.3,0.393,86.4,6.18,2.05,4.6,5.53,37.8,83.0,48.1,2.53,6.72,6.8,31.5,4.76,15.8,24.9,33.4,10.6,24.4,39.4,46.4
Indianapolis Colts,2045,5.8,7.0,327.1,348.6,10.6,0.865,74.5,5.96,4.16,8.3,5.05,38.1,84.4,60.1,1.72,6.42,4.3,33.9,4.57,5.9,22.8,37.8,12.4,33.6,35.3,42.2
Pittsburgh Steelers,2045,12.1,12.0,425.8,301.1,6.6,0.532,96.7,7.2,1.86,3.6,5.04,29.5,65.6,69.0,4.02,5.95,6.7,31.3,4.73,15.0,28.5,37.0,11.2,21.4,36.7,46.7
Los Angeles (A) Chargers,2045,8.3,9.0,329.6,352.8,6.2,1.216,66.0,5.99,3.94,5.7,4.46,31.0,76.4,56.2,2.55,6.57,5.6,30.6,4.36,15.6,23.3,34.6,10.6,22.1,39.2,46.7
Las Vegas Raiders,2045,10.8,10.0,402.7,356.9,9.4,0.843,92.8,7.13,3.0,4.7,5.23,37.3,68.7,68.7,3.77,6.15,4.8,32.7,4.85,8.3,26.9,40.7,13.6,29.2,38.4,46.6
Green Bay Packers,2045,7.3,9.0,360.3,337.1,8.7,1.479,87.7,6.91,2.84,5.5,4.91,38.5,86.5,50.7,1.71,6.88,4.9,28.9,3.64,12.4,18.9,36.8,11.7,25.2,34.9,43.5
Kansas City Chiefs,2045,7.5,8.0,349.1,339.6,11.0,0.848,77.8,6.35,3.93,4.9,4.59,32.5,85.6,49.9,2.07,6.62,4.0,27.4,4.3,15.6,23.9,35.7,12.0,23.8,38.3,47.9
Buffalo Bills,2045,9.6,9.0,394.9,329.1,8.7,1.11,77.6,6.73,3.11,4.7,5.29,33.8,76.0,63.1,2.97,6.06,7.2,34.5,4.56,16.2,25.6,37.1,17.4,23.7,32.1,41.7
New York (N) Giants,2045,6.7,5.0,388.9,355.0,9.8,0.732,77.8,6.79,4.1,4.9,4.93,41.5,94.1,49.1,1.77,7.03,4.2,32.5,4.14,6.5,18.4,40.3,16.3,24.2,34.3,44.7
Cincinnati Bengals,2045,7.8,8.0,334.7,366.6,6.9,0.767,81.2,6.44,2.62,7.7,4.55,29.6,77.1,64.2,3.11,6.41,3.9,31.1,4.63,9.7,22.1,38.2,11.4,24.3,37.2,44.6
Jacksonville Jaguars,2045,3.8,3.0,315.2,385.8,11.2,0.561,69.2,5.5,2.13,5.3,4.47,28.5,86.7,58.3,2.82,6.78,4.4,32.4,5.09,10.9,23.7,36.0,11.8,22.8,32.3,39.3
Carolina Panthers,2045,8.7,8.0,370.0,338.8,11.7,0.449,85.1,6.52,2.29,4.7,4.35,37.2,85.6,57.4,2.42,6.98,6.2,29.5,3.9,9.6,26.4,35.9,9.0,24.3,36.6,43.1
Baltimore Ravens,2045,3.5,4.0,302.9,338.9,13.0,0.881,54.1,5.26,4.88,3.4,4.54,30.2,84.2,53.5,2.17,6.37,3.5,26.3,4.03,8.1,22.6,38.5,11.8,26.1,36.2,43.5
Philadelphia Eagles,2045,10.4,11.0,376.6,348.1,12.3,0.684,98.4,7.46,1.72,4.1,4.42,31.3,77.8,60.3,3.82,6.31,4.7,36.7,4.63,11.6,25.0,36.1,15.0,23.9,35.7,45.4
Miami Dolphins,2045,8.7,10.0,359.7,331.6,9.5,0.856,86.2,7.02,2.18,5.9,4.31,29.8,80.4,58.2,1.6,5.84,4.4,31.5,4.38,19.1,25.3,33.1,13.3,25.4,33.3,43.0
Minnesota Vikings,2045,6.3,5.0,284.7,315.5,11.4,0.3,54.4,5.56,4.67,4.3,3.96,30.9,79.5,54.8,2.39,6.54,7.3,31.4,3.7,15.2,26.8,36.0,11.4,24.4,37.8,47.6
Chicago Bears,2045,10.8,12.0,360.8,335.4,9.5,0.935,89.8,6.64,1.58,3.9,4.2,33.3,73.9,65.7,3.59,5.86,3.8,32.3,4.82,16.5,21.4,36.3,8.4,25.2,37.6,45.6
Tennessee Titans,2045,9.1,7.0,354.8,323.7,6.7,0.539,76.8,6.15,2.22,4.8,4.26,33.6,82.4,53.1,1.59,6.5,6.6,28.9,3.9,11.2,28.6,37.2,10.7,23.8,37.0,45.0
Los Angeles (N) Rams,2045,10.8,13.0,364.1,351.8,9.8,1.461,96.9,7.42,1.17,4.9,3.99,29.6,76.4,57.6,2.88,6.27,4.9,35.2,4.21,14.7,28.6,36.0,9.2,25.4,35.9,43.2
Detroit Lions,2045,2.9,3.0,294.0,357.5,11.6,0.782,76.8,5.86,1.94,4.9,3.68,24.9,89.9,49.5,2.25,6.95,2.6,32.7,4.17,6.8,28.2,38.9,17.0,25.3,36.7,48.5
Denver Broncos,2045,8.4,7.0,328.6,341.9,10.8,0.951,75.7,6.31,2.89,5.9,3.99,27.7,72.2,67.5,3.54,6.04,4.0,30.7,4.42,12.2,26.1,36.1,10.0,23.3,38.8,46.3
Arizona Cardinals,2045,8.5,6.0,370.4,333.7,6.5,0.462,86.6,7.26,3.24,2.5,3.41,23.2,83.9,43.8,1.62,6.02,4.1,30.6,4.8,9.2,24.3,37.6,14.0,22.8,34.8,44.4
New York (A) Jets,2045,10.4,12.0,375.3,374.1,6.9,1.174,89.9,7.09,2.12,5.3,4.71,28.0,74.8,57.0,2.82,6.13,4.8,36.7,4.92,13.7,22.0,33.6,11.1,26.9,38.6,46.8
Cleveland Browns,2045,9.1,8.0,359.7,346.6,8.9,0.847,81.4,6.52,2.69,2.3,3.96,24.9,77.9,68.6,3.28,6.38,4.0,29.6,4.66,10.4,24.3,36.1,8.3,25.2,38.1,45.0
Dallas Cowboys,2045,3.8,5.0,267.1,355.1,8.8,0.769,59.9,5.07,4.11,6.0,3.6,25.2,82.1,47.7,2.83,6.4,3.6,31.5,4.48,8.4,20.0,35.0,11.4,21.8,39.3,47.3
Tampa Bay Buccaneers,2045,5.5,5.0,314.7,340.3,9.4,1.54,75.1,6.63,2.27,6.7,3.2,26.6,85.8,53.8,2.3,6.88,5.8,28.0,3.84,8.8,27.2,40.0,12.9,27.4,36.0,43.9
Washington Commanders,2045,4.2,3.0,318.8,333.8,12.9,0.865,73.2,6.09,2.87,2.9,3.36,24.2,87.5,51.5,2.46,6.4,6.1,31.6,4.3,7.7,20.2,37.3,13.8,25.4,34.5,43.2
New England Patriots,2045,1.0,1.0,193.1,399.4,10.5,1.037,45.6,3.91,3.9,6.2,3.0,21.5,83.7,54.5,3.37,6.95,4.7,32.5,4.77,12.7,31.1,35.6,12.9,25.5,36.6,45.4
Seattle Seahawks,2046,10.8,11.0,381.4,323.2,7.0,0.805,88.9,6.49,1.98,5.6,5.2,43.2,87.1,50.9,2.25,7.04,5.4,26.3,3.65,15.0,28.9,35.7,7.7,27.7,39.5,47.3
New Orleans Saints,2046,10.3,12.0,343.9,319.0,8.1,0.588,89.5,6.85,2.34,6.2,4.85,34.7,79.5,61.7,2.66,6.6,6.0,27.3,3.98,11.3,25.6,35.4,10.1,22.4,36.8,45.2
Baltimore Ravens,2046,7.4,8.0,314.4,335.4,10.7,0.377,64.0,4.93,2.13,4.6,5.12,30.9,68.4,69.6,3.98,6.04,4.9,29.7,4.17,14.3,25.3,34.8,13.1,28.0,34.7,43.4
Indianapolis Colts,2046,6.7,6.0,341.6,349.6,11.4,0.796,69.9,6.38,3.45,3.9,4.95,35.5,79.7,53.8,2.47,6.64,5.6,32.9,4.19,10.8,20.9,36.2,11.9,25.4,33.1,41.0
Kansas City Chiefs,2046,11.7,13.0,351.9,304.9,10.4,0.846,88.0,6.5,1.99,4.2,4.46,33.1,69.9,62.1,3.56,6.41,6.5,25.8,3.6,13.1,25.1,38.1,13.4,23.5,38.0,48.5
Pittsburgh Steelers,2046,11.7,12.0,396.6,335.9,6.3,0.651,91.9,6.92,1.28,3.1,4.95,30.9,76.3,66.0,3.14,6.36,5.5,26.4,4.2,15.2,30.1,33.8,12.0,26.8,35.9,44.5
New York (N) Giants,2046,10.8,11.0,384.1,301.6,10.7,0.537,90.5,7.03,2.05,2.5,4.08,27.3,64.3,77.9,4.63,6.13,4.3,32.8,4.05,5.2,17.6,36.6,18.3,25.4,33.9,45.0
Minnesota Vikings,2046,10.3,11.0,385.4,343.2,12.5,0.584,99.1,8.17,1.94,4.4,4.26,27.7,82.5,54.5,2.59,6.95,6.1,30.8,3.85,9.6,24.9,36.0,13.1,26.9,35.8,45.6
Cincinnati Bengals,2046,6.3,7.0,306.6,361.1,7.2,0.989,77.4,6.41,2.1,6.7,4.12,29.7,85.5,58.4,2.93,6.97,5.7,30.6,4.54,9.4,25.0,36.6,15.1,22.3,35.8,44.6
San Francisco 49ers,2046,7.7,8.0,348.7,374.2,8.6,0.192,81.5,6.8,2.17,4.7,4.37,31.6,78.4,66.1,2.85,6.6,4.2,34.6,4.77,12.9,24.1,36.3,12.3,24.8,37.6,48.5
Las Vegas Raiders,2046,10.7,11.0,388.4,319.6,7.9,0.56,94.1,7.58,2.07,4.8,4.35,32.6,78.7,47.3,2.42,6.08,4.9,31.0,4.01,7.0,25.2,39.4,13.8,30.5,35.8,45.7
Chicago Bears,2046,7.9,8.0,372.1,393.5,7.5,1.123,77.0,6.76,3.13,4.4,4.63,32.0,88.3,61.1,3.21,7.29,3.3,33.8,5.11,16.1,27.9,34.9,10.7,23.3,36.8,44.0
Houston Texans,2046,7.0,9.0,321.1,340.8,8.0,1.223,67.2,5.55,3.87,4.3,4.51,31.5,76.9,60.6,2.65,6.13,4.3,29.2,4.71,15.3,26.3,33.3,9.5,22.1,38.1,45.3
Carolina Panthers,2046,7.8,6.0,335.4,345.5,10.3,0.299,72.9,6.81,3.28,4.6,4.28,36.4,80.3,56.4,2.47,6.74,5.0,33.2,4.06,12.2,31.0,34.4,9.6,28.6,35.7,41.7
Los Angeles (A) Chargers,2046,8.0,8.0,315.9,329.0,9.7,0.888,80.6,6.26,2.69,4.4,4.12,31.8,75.2,60.2,3.15,6.61,5.8,33.0,4.37,13.4,24.8,36.8,10.7,24.6,38.3,46.0
Miami Dolphins,2046,8.7,9.0,370.9,323.9,7.9,0.362,80.5,6.74,3.34,4.7,4.28,30.7,78.1,60.9,1.75,6.38,3.7,29.4,4.08,14.2,26.9,36.6,6.5,23.2,37.8,44.1
Atlanta Falcons,2046,9.0,8.0,367.3,338.0,14.6,0.619,91.0,7.34,2.48,3.3,4.85,30.6,86.3,53.3,1.05,6.58,4.3,29.6,3.81,14.2,30.3,35.3,10.1,28.5,38.2,46.1
Green Bay Packers,2046,8.6,8.0,374.4,328.8,8.6,0.763,87.9,7.32,2.18,5.7,4.39,38.8,75.7,64.6,3.37,6.48,4.5,31.0,4.03,12.8,23.2,34.8,9.8,28.0,36.1,42.5
Detroit Lions,2046,5.8,4.0,326.9,354.6,10.5,0.57,73.8,6.29,4.19,4.2,3.92,26.2,79.5,60.7,3.13,6.87,4.6,25.0,3.71,5.6,27.5,37.6,19.7,24.2,31.7,42.6
Arizona Cardinals,2046,8.2,6.0,320.1,366.5,7.3,0.281,74.3,5.74,2.15,2.4,3.89,31.8,83.9,46.8,1.74,6.64,6.2,38.5,4.79,9.9,23.9,36.4,13.0,23.4,36.2,44.3
Jacksonville Jaguars,2046,1.9,3.0,278.1,321.6,11.1,1.059,60.8,5.1,3.1,7.0,4.32,27.8,76.6,59.4,3.35,6.3,2.4,27.6,3.65,8.5,20.4,37.3,14.1,27.7,33.3,41.1
Philadelphia Eagles,2046,8.1,9.0,340.5,317.0,10.0,0.581,83.7,6.66,2.95,4.5,4.03,29.4,75.9,59.6,2.27,5.94,4.8,32.4,4.38,12.4,23.6,34.1,13.9,20.4,32.3,39.9
New York (A) Jets,2046,12.4,11.0,394.2,352.1,5.5,0.972,100.4,7.59,1.99,5.4,4.66,30.6,73.4,59.0,2.8,6.52,4.7,27.4,4.31,19.5,29.1,32.8,12.2,24.2,37.0,45.9
Cleveland Browns,2046,8.2,9.0,325.7,341.4,9.0,0.577,82.7,6.41,2.32,5.3,3.88,22.4,80.2,58.6,1.54,6.45,5.3,28.4,4.03,15.4,22.8,35.7,10.7,26.4,37.2,44.7
Los Angeles (N) Rams,2046,7.9,7.0,340.3,346.4,10.1,0.818,81.3,6.49,2.09,7.0,3.82,31.2,78.6,56.5,2.46,6.48,4.5,30.4,4.41,13.3,28.1,35.9,9.7,26.7,35.1,42.7
Tennessee Titans,2046,9.3,8.0,352.7,296.3,7.7,0.546,79.9,6.63,3.52,4.6,3.46,27.1,78.3,56.4,2.11,5.87,5.6,27.4,3.96,12.6,26.8,35.2,9.4,24.4,38.3,44.7
Tampa Bay Buccaneers,2046,7.2,7.0,322.3,324.3,9.6,1.009,68.5,6.27,2.92,5.2,3.16,23.6,69.1,64.4,2.43,5.84,5.6,29.6,4.22,9.7,27.7,35.9,15.7,27.2,33.2,43.3
Denver Broncos,2046,5.5,6.0,277.5,349.1,9.7,0.821,70.6,6.02,2.27,6.5,3.41,25.6,73.1,61.0,2.7,5.67,4.5,31.4,4.8,13.0,23.4,36.7,11.8,26.9,37.7,45.7
Buffalo Bills,2046,7.0,8.0,399.2,375.2,6.8,0.436,79.0,7.02,2.84,5.3,3.67,26.7,82.5,61.1,2.98,6.9,3.6,29.5,4.29,7.6,25.8,38.3,16.2,27.6,31.9,41.2
Washington Commanders,2046,2.2,4.0,235.7,331.9,12.7,0.918,54.8,4.98,3.81,6.0,3.07,25.8,83.3,41.7,2.08,6.25,3.0,32.4,3.97,11.4,22.0,36.1,13.5,22.3,35.3,43.4
New England Patriots,2046,4.5,4.0,258.7,358.8,9.9,0.696,56.9,5.2,3.57,4.9,3.02,20.4,77.9,58.2,2.73,5.96,4.7,32.7,4.53,17.3,26.4,35.2,11.6,22.2,37.1,47.3
Dallas Cowboys,2046,3.1,3.0,302.8,372.5,13.8,0.57,58.7,5.62,3.84,4.3,3.06,20.6,83.9,55.7,3.1,6.82,4.8,30.5,4.37,8.0,26.3,37.1,9.8,25.1,37.4,46.2
Seattle Seahawks,2047,13.1,14.0,386.0,304.8,7.6,0.89,94.6,7.7,2.77,5.5,5.49,40.1,79.4,54.5,2.89,6.73,6.3,27.1,3.72,16.7,30.9,36.2,5.7,22.3,42.2,48.4
Arizona Cardinals,2047,9.7,8.0,397.2,333.4,9.5,0.641,75.4,7.18,3.81,3.4,4.73,37.2,74.0,53.6,3.19,6.26,4.5,33.8,4.24,10.0,21.6,38.3,18.4,22.5,35.0,44.6
Kansas City Chiefs,2047,7.9,10.0,380.3,350.1,9.9,0.804,75.2,6.42,3.37,5.9,5.06,36.2,88.2,55.2,2.32,6.79,4.6,27.7,4.14,13.7,26.3,34.2,20.0,26.5,36.0,48.3
Las Vegas Raiders,2047,9.2,9.0,389.0,341.7,8.1,0.457,80.0,6.77,3.62,3.9,4.92,31.4,73.5,63.4,3.31,6.26,3.7,35.0,4.67,10.6,26.0,37.9,22.2,25.5,34.6,45.8
Carolina Panthers,2047,11.0,11.0,345.8,346.1,10.0,0.878,87.8,6.83,2.14,5.9,4.59,33.3,81.4,56.3,2.89,6.95,4.8,27.3,4.26,12.5,26.8,35.0,14.2,23.0,36.3,44.9
Green Bay Packers,2047,10.7,12.0,391.3,326.9,8.5,0.842,108.1,8.59,1.63,5.2,3.98,31.6,87.4,52.9,2.36,6.97,5.8,26.3,3.82,12.9,22.3,34.8,12.9,25.7,37.3,43.8
Minnesota Vikings,2047,8.5,8.0,293.3,335.7,11.3,0.913,81.3,6.22,1.43,4.1,3.99,27.8,72.7,53.3,3.99,6.57,6.8,30.7,4.24,11.3,24.1,36.9,12.4,23.9,37.3,46.8
New Orleans Saints,2047,8.7,8.0,335.1,339.6,6.3,0.566,91.6,6.97,1.64,6.0,3.97,28.3,86.3,45.1,2.33,7.03,2.7,31.8,4.29,13.2,25.6,35.6,11.7,22.7,34.6,44.0
Cincinnati Bengals,2047,8.6,10.0,372.7,369.8,6.1,0.899,81.2,6.86,1.72,4.1,4.22,30.7,77.9,58.9,2.91,6.65,2.5,37.5,4.97,8.6,25.5,41.0,14.3,24.0,34.9,43.7
Los Angeles (A) Chargers,2047,8.5,10.0,300.9,370.8,12.6,1.198,72.1,5.39,3.37,5.3,4.85,34.0,72.9,65.1,2.98,6.43,4.6,30.0,4.57,15.5,33.8,33.5,10.7,24.5,40.4,47.3
Indianapolis Colts,2047,4.1,4.0,338.3,326.9,9.2,1.527,66.5,6.78,3.98,5.9,4.22,28.7,83.2,58.2,2.72,6.62,4.3,32.8,3.73,6.5,18.5,37.0,13.5,27.0,35.3,43.1
Chicago Bears,2047,4.8,4.0,315.6,318.8,11.9,0.896,71.4,5.9,2.89,7.0,4.96,36.8,80.5,52.3,1.22,5.89,4.7,31.6,4.55,14.6,26.5,34.9,14.9,27.7,35.2,44.9
Houston Texans,2047,8.3,9.0,331.3,338.0,9.5,0.286,81.4,5.87,1.9,3.3,4.48,38.0,82.4,47.3,2.35,6.75,7.2,30.6,4.66,17.7,26.5,34.3,11.0,22.7,37.1,44.5
Philadelphia Eagles,2047,8.3,8.0,342.1,377.9,9.9,0.385,75.5,6.02,2.83,3.8,4.86,34.9,82.8,48.5,2.01,6.51,4.3,34.7,4.78,16.4,24.1,34.5,9.1,21.8,36.8,40.7
Atlanta Falcons,2047,6.5,6.0,330.4,356.3,11.6,0.695,78.4,6.39,2.76,4.4,4.46,27.8,92.2,43.5,1.63,7.22,5.0,29.9,3.85,13.5,27.1,33.6,12.1,22.0,37.1,47.1
Jacksonville Jaguars,2047,5.6,6.0,284.6,315.8,8.4,0.189,73.0,5.07,1.97,5.8,4.17,34.4,77.7,58.8,2.15,6.4,5.5,28.6,4.26,11.8,21.2,35.2,13.0,25.3,32.9,41.8
New York (N) Giants,2047,5.8,6.0,352.3,373.1,9.1,1.127,90.0,6.59,1.71,3.8,4.2,32.2,84.9,52.8,2.44,6.66,3.5,36.6,4.77,4.3,18.3,39.6,13.6,23.0,36.1,46.2
Baltimore Ravens,2047,5.5,3.0,354.9,366.8,12.1,0.651,72.6,6.58,3.1,5.5,4.38,30.0,87.8,49.1,2.01,6.8,2.5,32.0,4.33,9.6,25.2,37.1,11.9,28.0,36.0,43.0
Miami Dolphins,2047,8.7,8.0,344.4,330.5,9.6,0.364,74.4,6.04,3.42,3.5,4.12,32.6,79.4,61.7,2.48,6.32,3.3,28.6,4.03,13.2,28.3,35.3,12.7,22.9,38.2,44.6
New York (A) Jets,2047,9.2,8.0,377.9,352.6,7.7,0.587,81.4,6.82,3.03,4.4,5.29,27.3,77.3,47.8,2.64,6.27,4.7,34.7,4.53,18.6,26.1,34.8,12.6,28.6,35.4,46.1
Pittsburgh Steelers,2047,12.1,13.0,375.1,335.6,5.3,1.041,95.8,6.96,1.43,3.8,4.37,27.7,76.3,62.1,2.47,6.5,5.3,26.2,3.96,15.0,29.3,36.7,12.4,23.4,39.2,47.2
Cleveland Browns,2047,9.2,9.0,366.2,377.6,8.0,1.278,94.5,7.09,1.46,4.1,4.36,27.4,71.7,72.6,3.66,6.48,4.5,33.4,4.89,14.3,20.8,35.2,11.4,28.0,37.4,45.7
San Francisco 49ers,2047,8.1,9.0,381.4,346.5,11.0,1.189,81.9,7.08,2.72,4.6,4.06,34.8,76.9,50.1,2.36,6.14,5.3,38.5,4.91,11.5,28.8,36.6,12.6,27.7,38.2,49.1
New England Patriots,2047,8.2,6.0,333.9,352.8,12.9,0.466,76.8,5.72,1.71,3.7,4.35,37.3,73.9,62.8,2.73,5.96,4.5,33.7,4.66,13.8,30.8,36.7,9.2,27.2,37.1,46.6
Los Angeles (N) Rams,2047,7.2,6.0,335.8,362.7,8.3,0.489,76.8,7.06,2.97,5.1,3.59,29.6,81.3,54.7,2.51,6.68,4.0,30.1,4.26,16.9,26.1,37.0,7.3,26.3,38.1,44.2
Tennessee Titans,2047,7.1,8.0,336.4,308.6,8.7,1.206,73.6,5.94,2.78,4.2,4.12,33.2,81.3,50.6,1.82,5.89,4.0,27.0,3.53,15.0,26.1,35.5,9.5,26.2,35.2,43.1
Denver Broncos,2047,9.4,10.0,315.6,344.8,8.9,0.586,71.1,6.39,2.59,3.8,3.53,24.9,65.2,66.8,3.61,5.7,3.5,30.7,4.38,15.2,24.7,35.7,13.7,24.0,35.8,44.9
Detroit Lions,2047,4.9,4.0,272.9,351.4,8.7,0.809,72.8,5.83,3.0,6.6,3.54,22.5,87.1,55.1,2.06,7.19,6.7,29.7,3.97,12.1,22.2,37.9,15.2,27.6,36.1,45.7
Washington Commanders,2047,3.0,2.0,288.4,364.4,11.8,0.602,73.6,5.46,1.8,4.7,4.12,27.0,93.9,46.0,1.44,7.17,5.0,33.3,4.3,9.5,21.0,37.4,12.4,26.6,32.7,40.8
Tampa Bay Buccaneers,2047,7.6,9.0,326.1,309.8,9.9,0.962,72.1,6.75,3.38,5.3,3.4,22.2,73.6,63.2,2.29,5.69,5.8,31.7,4.08,10.9,28.6,37.5,15.5,23.8,33.6,41.7
Dallas Cowboys,2047,4.2,5.0,317.2,307.9,11.8,0.94,74.4,6.15,3.11,3.9,3.29,28.9,74.2,51.2,3.2,6.35,5.0,27.4,4.04,8.1,19.9,37.6,14.4,25.0,35.4,46.3
Buffalo Bills,2047,9.6,12.0,380.9,355.6,6.0,0.659,86.2,7.04,1.69,3.5,3.79,28.0,79.9,57.0,2.54,6.3,4.5,33.4,4.58,10.2,25.4,36.9,13.4,25.7,35.1,44.2
Atlanta Falcons,2048,14.2,16.0,385.1,308.5,11.1,0.38,99.5,7.78,1.97,5.0,4.79,35.9,69.4,69.9,2.6,6.27,6.6,26.0,3.47,19.3,31.7,34.5,10.1,22.5,37.7,46.7
Seattle Seahawks,2048,11.6,13.0,370.4,275.1,7.5,1.372,90.9,7.44,1.92,4.5,4.32,33.3,79.8,58.5,3.0,6.35,5.5,22.9,2.99,16.8,28.8,33.8,8.5,23.1,36.4,46.4
Kansas City Chiefs,2048,10.3,10.0,398.1,307.1,9.3,0.555,83.7,7.27,3.53,4.9,5.04,36.0,68.8,64.3,2.87,5.82,4.7,30.4,4.23,10.6,26.0,37.2,16.3,27.0,36.4,47.1
Pittsburgh Steelers,2048,13.2,14.0,411.9,356.1,5.3,0.549,96.1,7.23,1.78,3.4,4.96,32.9,76.3,63.6,3.13,6.76,4.6,25.7,3.69,15.3,26.7,36.1,13.7,24.4,38.1,46.3
Cincinnati Bengals,2048,11.4,11.0,389.6,346.1,4.3,0.465,97.8,7.54,2.16,4.3,4.47,35.2,73.3,60.3,2.57,6.17,4.0,32.3,4.82,10.5,25.2,36.5,11.1,24.7,37.2,45.1
Las Vegas Raiders,2048,5.7,6.0,334.2,344.7,8.2,0.836,69.2,6.12,3.42,5.8,4.45,30.8,72.6,69.9,3.25,6.22,5.0,30.8,4.55,7.4,23.6,39.2,14.2,28.7,37.9,45.6
New Orleans Saints,2048,8.2,8.0,341.1,320.7,8.2,0.919,76.5,6.58,3.12,6.7,4.16,31.2,77.4,60.4,2.28,6.34,4.2,28.3,4.13,11.4,21.8,35.4,10.3,27.3,38.7,46.0
Minnesota Vikings,2048,11.2,10.0,368.4,328.0,11.8,0.563,82.3,6.81,2.27,1.9,4.3,31.1,71.5,61.2,3.88,6.55,6.3,31.7,4.12,11.8,21.2,35.0,8.8,26.4,37.9,47.0
New York (A) Jets,2048,13.3,13.0,413.8,338.4,6.8,0.646,95.1,7.18,1.82,3.1,4.96,29.2,67.2,64.1,3.46,6.06,3.8,30.7,4.43,14.1,24.9,36.0,11.9,24.0,35.5,46.0
Green Bay Packers,2048,11.1,12.0,328.1,267.3,10.3,0.388,94.1,7.51,2.86,4.2,3.52,29.6,73.0,65.8,3.11,6.34,7.8,25.4,2.9,13.4,28.0,37.2,14.3,22.6,34.9,44.8
San Francisco 49ers,2048,8.5,9.0,389.7,336.1,9.7,0.458,89.2,7.49,3.6,3.6,4.01,33.8,86.7,50.4,1.9,6.84,4.1,30.5,3.88,12.8,24.9,36.1,10.9,25.0,36.5,45.1
Jacksonville Jaguars,2048,7.2,9.0,330.2,322.9,8.3,0.843,80.0,6.56,1.79,5.6,3.84,32.7,72.8,68.1,2.82,6.06,4.1,25.9,4.38,12.2,21.5,36.2,13.4,25.1,34.3,43.3
Arizona Cardinals,2048,5.4,6.0,334.4,365.0,7.3,0.667,69.2,6.17,3.71,2.1,4.0,32.7,95.4,41.3,2.06,7.38,3.2,28.3,3.6,7.1,25.9,36.7,15.9,25.2,34.1,43.5
Chicago Bears,2048,6.6,7.0,285.1,338.8,8.8,0.726,77.3,6.03,3.05,5.4,3.93,25.0,78.6,55.3,2.18,6.29,4.6,26.8,3.97,12.0,22.8,36.6,14.5,24.1,35.8,45.5
Baltimore Ravens,2048,6.3,4.0,297.9,333.8,8.1,0.778,72.0,5.41,2.46,5.1,4.33,26.2,83.0,59.4,2.04,6.37,5.2,31.5,3.98,11.8,25.9,36.4,11.9,27.5,37.0,45.4
Tampa Bay Buccaneers,2048,8.8,10.0,364.1,353.8,11.8,0.555,79.6,6.87,2.8,5.0,3.98,27.0,69.8,67.6,2.96,6.19,4.6,30.8,4.63,12.1,27.1,36.5,12.4,25.3,34.1,41.2
New York (N) Giants,2048,2.6,2.0,337.2,344.6,10.8,1.422,66.9,5.42,2.51,5.4,4.82,35.6,87.9,54.4,2.58,6.68,4.4,30.6,4.31,5.4,18.1,39.6,16.8,25.2,34.2,45.1
Los Angeles (A) Chargers,2048,5.5,6.0,287.4,345.6,9.9,0.667,64.7,5.81,3.41,5.3,3.35,26.0,82.1,55.5,2.33,6.83,5.9,31.1,4.38,13.7,29.6,37.2,10.5,22.2,39.9,47.0
Houston Texans,2048,7.2,9.0,306.0,331.5,9.3,0.943,60.8,5.52,3.98,4.9,4.01,27.9,69.9,59.1,3.92,5.95,4.5,28.8,3.93,17.8,27.8,35.2,11.6,22.5,38.5,47.5
Philadelphia Eagles,2048,7.6,10.0,342.9,347.1,12.0,1.176,85.3,7.14,2.05,4.9,3.68,25.7,77.4,56.4,2.39,6.25,5.3,31.6,4.35,10.8,23.5,36.5,11.2,24.7,35.4,41.0
Detroit Lions,2048,5.5,6.0,338.2,377.9,7.6,0.501,83.3,6.93,3.58,4.4,3.86,26.6,85.1,61.6,2.64,6.88,3.6,35.0,4.65,8.5,25.2,37.0,16.1,27.8,35.3,45.6
New England Patriots,2048,6.2,5.0,296.4,368.0,12.5,0.596,67.2,5.87,3.23,5.2,3.82,25.6,77.4,56.3,2.74,6.34,4.0,33.2,4.3,16.9,26.0,35.0,9.4,23.4,38.3,44.5
Indianapolis Colts,2048,5.8,5.0,312.0,335.2,9.2,0.548,65.8,5.69,2.62,3.9,3.49,19.8,77.2,64.6,3.28,6.18,3.3,27.4,3.85,7.8,22.6,38.4,14.4,26.4,37.4,48.0
Cleveland Browns,2048,6.9,6.0,365.8,393.8,8.3,1.587,81.4,6.83,2.66,4.9,4.03,24.5,74.7,65.4,3.35,6.44,4.8,30.1,5.39,16.4,23.3,35.1,9.1,24.5,39.3,46.9
Denver Broncos,2048,4.5,4.0,276.1,349.3,8.2,0.55,47.7,4.67,2.87,5.7,4.01,26.9,73.6,62.6,2.96,6.14,3.8,28.7,4.39,11.3,22.6,39.4,11.8,25.0,38.1,46.6
Miami Dolphins,2048,6.3,4.0,317.3,324.4,9.8,0.374,73.2,5.96,3.0,5.7,3.83,26.9,79.8,54.1,1.95,6.52,3.9,22.4,3.06,14.6,25.9,36.0,9.8,26.7,37.1,45.4
Dallas Cowboys,2048,8.8,10.0,343.6,363.6,12.9,0.8,84.7,6.73,2.04,2.9,3.88,25.7,83.5,45.6,3.11,6.86,5.0,29.9,3.54,14.1,26.1,35.2,9.4,25.2,37.5,46.2
Tennessee Titans,2048,5.4,5.0,310.1,359.3,8.1,0.646,65.2,5.55,3.43,4.5,3.66,29.3,85.8,49.9,1.8,6.75,3.6,27.3,3.73,10.5,26.5,36.3,9.4,22.6,37.3,44.1
Washington Commanders,2048,3.8,4.0,324.9,354.0,10.5,0.66,72.9,6.24,2.74,3.7,3.3,23.0,93.9,45.5,2.15,7.11,5.6,31.4,4.35,10.5,21.0,35.8,14.1,23.3,32.3,39.1
Carolina Panthers,2048,5.6,6.0,262.6,329.4,10.1,0.798,69.8,5.56,2.77,6.6,3.24,23.4,78.5,57.9,2.15,6.46,4.9,27.7,3.61,12.8,28.4,36.6,12.2,24.8,36.1,43.8
Buffalo Bills,2048,8.5,8.0,399.8,351.8,8.4,0.469,90.9,7.47,2.23,3.9,3.79,30.2,79.7,64.6,2.68,6.35,3.8,32.9,4.36,5.3,22.5,39.1,14.7,26.6,34.4,43.6
Los Angeles (N) Rams,2048,7.5,8.0,298.9,343.2,9.1,0.589,84.3,6.35,2.12,6.4,3.15,26.8,81.3,53.9,3.19,6.81,4.3,28.6,3.59,13.6,25.0,37.2,10.5,27.7,36.6,44.0
New Orleans Saints,2049,7.0,6.0,340.7,342.3,8.3,1.041,78.4,5.93,2.34,6.6,5.17,31.3,79.5,58.3,2.83,6.59,4.4,32.2,4.43,14.5,26.3,35.0,14.1,28.3,30.2,38.2
Seattle Seahawks,2049,13.0,14.0,395.7,308.8,8.3,0.562,110.7,8.27,1.72,3.9,4.44,34.7,78.8,61.5,2.57,6.52,5.7,24.6,3.67,16.0,28.0,34.4,9.3,26.9,38.2,46.2
Indianapolis Colts,2049,10.9,11.0,350.7,320.6,8.3,0.188,84.8,6.65,2.24,4.1,4.5,35.4,77.0,64.1,2.94,6.63,4.8,29.0,3.6,10.9,31.5,36.7,10.3,30.5,36.5,45.8
Atlanta Falcons,2049,8.9,9.0,347.1,354.6,11.8,0.789,82.7,6.83,2.47,6.5,4.9,37.7,84.6,57.7,1.18,6.81,4.5,28.0,4.06,14.3,31.7,34.7,10.4,25.8,40.6,50.0
New England Patriots,2049,10.3,11.0,350.6,350.4,12.3,0.485,92.0,7.15,1.68,3.8,4.37,40.1,83.4,61.9,1.99,7.11,4.9,24.3,3.63,18.1,28.2,32.4,9.6,24.7,37.7,47.9
Minnesota Vikings,2049,11.0,11.0,385.7,320.6,13.3,0.829,83.9,6.66,2.77,3.6,4.94,35.0,75.6,55.8,3.44,6.56,5.5,27.9,3.87,12.4,25.1,37.1,9.0,26.0,38.8,47.0
Green Bay Packers,2049,10.7,10.0,378.4,316.8,11.6,0.651,88.7,7.2,2.54,3.3,4.34,35.6,74.7,59.7,3.27,6.19,4.1,23.7,3.99,12.4,27.4,38.2,11.6,21.7,37.2,45.7
San Francisco 49ers,2049,8.3,9.0,365.7,323.1,10.9,1.004,75.4,6.84,3.65,3.8,4.12,31.1,76.8,61.8,3.09,6.57,4.5,29.1,4.18,15.4,24.5,37.4,10.9,26.4,36.9,45.4
Kansas City Chiefs,2049,7.0,8.0,316.6,331.0,9.8,0.662,78.7,5.93,2.13,7.9,4.53,36.7,67.5,76.8,4.0,6.19,4.5,26.1,4.09,8.4,28.8,38.6,12.9,25.9,36.4,47.9
Chicago Bears,2049,8.8,7.0,358.1,341.0,11.7,0.578,84.4,6.65,2.21,4.2,4.68,28.4,85.1,49.7,2.21,6.74,5.6,26.7,4.05,14.8,26.3,34.5,17.1,23.7,36.6,47.0
Las Vegas Raiders,2049,6.8,5.0,335.4,388.1,7.3,0.892,75.2,6.48,4.29,5.4,4.63,30.2,90.0,45.1,1.56,6.62,3.8,36.3,4.95,10.6,27.3,34.8,9.5,24.9,39.4,46.5
Dallas Cowboys,2049,9.6,10.0,385.4,333.1,10.9,0.956,96.5,7.03,1.62,2.8,4.67,33.7,77.5,59.5,3.38,6.5,5.7,27.5,3.98,13.3,22.8,36.7,13.2,31.8,34.6,44.1
Cincinnati Bengals,2049,8.0,9.0,367.3,405.5,6.4,0.601,86.1,7.64,3.87,5.2,4.48,31.5,88.2,59.3,1.82,6.72,2.9,33.6,4.87,13.2,26.8,35.7,12.5,24.0,36.5,44.1
Washington Commanders,2049,6.5,6.0,345.3,367.9,8.6,0.672,66.7,6.25,3.81,3.5,4.56,31.7,91.5,45.6,2.05,7.2,4.7,29.1,3.97,9.3,26.8,37.1,10.7,24.5,36.4,45.1
Jacksonville Jaguars,2049,5.9,7.0,283.3,336.4,7.2,0.798,76.9,5.29,1.82,6.0,4.42,32.3,83.0,50.7,2.47,6.55,4.5,30.9,4.29,9.3,25.5,38.7,14.0,28.2,34.8,44.5
Tennessee Titans,2049,5.5,6.0,329.0,334.5,6.7,0.923,60.4,5.76,3.66,4.4,4.3,28.0,78.1,60.6,3.47,6.59,4.7,31.5,4.09,7.1,25.9,37.0,13.7,28.6,35.2,44.2
Arizona Cardinals,2049,6.3,8.0,322.9,377.4,8.2,0.566,67.9,5.92,2.37,3.8,4.07,32.2,87.2,46.2,3.13,7.28,5.7,31.5,4.64,8.9,28.2,36.9,12.7,23.2,36.1,45.3
Pittsburgh Steelers,2049,11.3,10.0,398.8,355.3,7.9,1.041,90.3,7.53,2.39,3.4,4.39,26.5,77.0,65.3,3.58,6.53,4.7,25.9,3.7,16.5,26.8,33.1,11.8,24.4,37.6,45.9
Baltimore Ravens,2049,6.3,6.0,332.4,354.9,8.2,0.363,78.4,6.2,2.75,3.4,3.53,25.8,88.7,56.0,3.12,7.7,5.2,28.6,4.14,9.8,24.1,39.8,15.2,25.5,35.7,45.2
Carolina Panthers,2049,7.8,7.0,306.9,324.9,11.8,0.759,80.8,6.16,1.21,6.9,3.73,25.1,79.7,58.6,2.74,6.66,4.1,25.8,3.21,10.1,28.7,36.9,15.3,24.5,35.9,45.1
New York (A) Jets,2049,10.6,12.0,426.3,342.4,5.2,0.362,90.8,7.51,2.79,4.1,4.52,26.6,73.6,65.0,2.33,6.21,5.7,32.5,4.62,14.8,30.7,37.4,8.6,25.0,36.7,46.6
Denver Broncos,2049,7.9,8.0,340.6,320.8,7.6,0.889,84.3,6.65,1.5,4.1,3.2,26.3,82.0,53.1,2.52,6.35,4.1,30.9,4.16,10.9,26.4,40.1,10.9,23.7,37.7,46.2
Tampa Bay Buccaneers,2049,7.2,8.0,339.6,326.2,9.0,0.833,63.5,6.54,4.65,5.6,3.74,25.3,76.3,62.3,2.74,6.28,5.4,29.8,3.88,11.8,26.7,36.3,15.1,25.1,35.2,45.1
Cleveland Browns,2049,7.2,7.0,355.4,371.8,9.5,1.231,85.7,6.82,2.71,4.3,3.91,25.2,87.5,62.4,2.69,7.29,3.4,27.6,3.9,14.9,21.1,35.7,11.8,28.2,35.9,44.1
New York (N) Giants,2049,9.4,11.0,390.3,353.5,11.6,0.379,77.7,6.91,3.8,2.9,4.57,29.0,74.3,61.2,2.19,5.8,3.8,33.6,4.26,9.7,22.0,35.7,13.2,24.9,34.4,44.7
Buffalo Bills,2049,9.1,9.0,383.9,352.1,8.2,0.64,96.6,6.97,0.71,3.4,3.89,29.7,83.8,53.8,2.37,6.46,4.1,29.7,4.36,8.1,23.0,37.6,13.2,29.9,34.5,43.7
Houston Texans,2049,5.8,4.0,290.0,349.9,9.4,0.654,64.4,5.39,3.46,6.2,3.81,24.5,77.9,55.8,3.58,6.7,4.9,27.4,3.66,13.6,28.9,35.7,12.8,30.4,38.4,48.1
Miami Dolphins,2049,5.5,6.0,315.6,350.3,8.7,0.99,78.2,6.75,2.68,2.9,3.13,22.2,76.8,56.2,1.86,5.97,5.0,30.6,4.2,9.0,22.2,37.7,13.1,27.9,35.5,44.4
Detroit Lions,2049,2.5,2.0,331.0,389.4,10.8,1.307,71.4,6.46,3.52,5.5,3.48,18.7,98.8,48.8,2.12,7.34,3.2,37.6,4.72,4.9,21.6,38.1,16.6,29.4,33.5,44.4
Philadelphia Eagles,2049,7.1,7.0,317.1,375.4,9.3,0.486,90.1,6.52,1.31,4.1,3.23,26.2,86.3,51.0,2.73,7.23,3.6,32.1,4.27,10.2,21.9,38.3,10.7,27.5,38.0,44.2
Los Angeles (A) Chargers,2049,5.4,6.0,328.1,339.8,11.4,0.79,84.1,7.26,3.47,6.2,2.96,23.6,88.6,51.8,2.16,6.82,6.4,29.1,4.0,14.6,29.4,36.7,8.3,24.9,38.7,46.0
Los Angeles (N) Rams,2049,6.1,6.0,293.3,348.5,10.0,0.966,80.3,6.49,2.02,5.9,2.67,15.6,70.3,61.1,2.98,6.04,3.7,33.2,4.97,14.7,29.9,33.8,9.8,26.3,37.3,44.3
Seattle Seahawks,2050,13.6,15.0,360.2,271.8,6.6,0.794,78.8,6.3,3.06,2.4,4.36,39.0,60.9,68.4,3.85,5.74,5.9,22.9,3.64,15.5,27.8,35.8,7.7,23.0,38.7,46.6
Kansas City Chiefs,2050,7.6,7.0,363.3,304.3,8.5,1.295,72.1,5.98,3.65,4.9,5.32,39.7,75.6,65.8,3.55,6.34,4.3,28.9,3.89,6.8,24.4,38.1,14.1,23.4,36.6,47.5
New England Patriots,2050,11.5,11.0,384.2,351.8,12.4,0.386,91.3,7.51,2.5,3.3,4.76,36.9,86.5,59.9,1.96,6.74,4.4,27.6,4.02,17.7,26.4,31.8,8.8,21.4,40.3,47.8
Cincinnati Bengals,2050,11.0,11.0,359.2,286.8,5.1,0.655,81.0,7.2,3.46,5.2,4.29,35.0,73.0,58.7,2.54,5.42,4.5,30.1,4.33,6.5,24.2,40.4,14.1,25.9,35.4,43.0
Chicago Bears,2050,8.6,9.0,370.5,356.9,10.1,0.606,95.9,7.14,2.17,4.6,5.21,31.3,85.1,54.8,2.81,6.89,5.6,29.1,4.32,14.6,25.8,35.8,9.2,23.7,36.4,44.7
Las Vegas Raiders,2050,4.7,4.0,315.4,352.4,7.5,1.268,77.9,5.85,2.43,5.7,4.57,27.0,82.0,52.7,2.45,6.46,4.5,37.1,4.58,6.9,21.8,38.6,14.9,23.3,35.9,44.6
New Orleans Saints,2050,7.0,6.0,295.3,338.4,9.3,1.182,78.5,6.1,2.56,6.4,4.01,25.9,75.0,50.5,2.72,5.84,3.8,35.9,4.84,12.8,23.4,34.8,12.9,26.1,35.3,45.8
San Francisco 49ers,2050,7.6,9.0,345.6,334.1,10.0,0.592,70.2,6.54,4.74,3.4,4.59,34.7,83.2,50.9,1.57,6.42,2.7,30.0,3.92,9.1,23.5,37.1,12.2,26.0,36.7,46.3
Indianapolis Colts,2050,10.1,11.0,368.1,346.2,7.0,0.37,85.0,6.86,2.43,3.0,4.18,31.5,80.7,57.2,2.0,6.65,4.1,29.0,4.37,9.9,23.8,34.8,14.1,27.6,36.7,47.2
Jacksonville Jaguars,2050,4.1,4.0,290.6,314.4,10.3,1.17,70.8,6.01,2.89,6.7,3.91,30.4,80.8,53.1,1.57,6.11,4.5,24.7,3.84,11.1,20.5,36.5,13.1,25.7,35.3,42.7
Denver Broncos,2050,5.3,5.0,301.7,391.3,7.9,0.604,77.8,6.07,2.24,3.5,4.0,27.7,89.4,46.3,1.84,7.26,3.5,36.0,4.54,15.4,21.7,37.1,9.8,24.3,36.2,44.1
Baltimore Ravens,2050,7.4,7.0,331.7,326.9,8.3,0.376,77.7,5.98,2.5,4.2,4.31,27.3,81.2,55.3,2.19,6.38,4.9,29.2,4.1,9.7,27.0,37.0,13.6,25.3,35.6,44.9
Miami Dolphins,2050,7.6,7.0,335.6,330.1,8.1,0.478,69.6,6.36,4.06,3.2,4.11,28.9,77.4,51.9,2.09,5.98,4.0,31.6,4.35,7.7,19.9,37.4,11.7,27.1,36.4,45.1
Arizona Cardinals,2050,7.7,8.0,313.5,326.1,9.4,0.394,79.4,6.35,1.89,5.9,4.08,32.5,77.8,58.9,2.28,6.07,5.2,34.0,4.25,10.2,27.1,39.0,12.7,24.0,39.2,46.4
New York (A) Jets,2050,12.2,13.0,407.6,365.8,6.1,0.57,98.0,7.35,1.66,4.2,5.11,34.3,73.2,58.2,3.79,6.19,3.9,37.0,5.08,18.9,27.4,35.4,12.3,22.4,37.7,47.8
Cleveland Browns,2050,4.3,3.0,326.1,347.4,8.1,1.358,75.8,6.27,3.09,7.2,4.57,29.0,87.4,59.0,2.3,6.95,3.5,32.2,4.21,13.4,20.9,35.3,11.8,24.5,35.0,42.3
Washington Commanders,2050,8.5,9.0,326.8,356.1,7.4,0.385,79.7,6.01,1.54,2.8,4.16,28.3,83.2,51.1,2.2,6.38,3.4,33.3,4.49,17.1,26.3,35.2,11.8,24.1,35.5,42.2
Los Angeles (N) Rams,2050,12.2,12.0,334.6,321.0,9.0,0.672,92.6,6.92,2.2,5.0,3.78,31.0,70.6,61.8,2.8,5.79,4.1,32.1,4.2,15.2,25.9,35.5,10.6,24.4,39.2,47.5
Detroit Lions,2050,6.2,8.0,352.0,352.9,10.0,0.645,80.6,6.56,2.77,3.6,3.91,26.1,78.9,60.5,2.91,6.51,3.9,32.9,4.61,8.4,25.2,37.5,17.5,26.8,33.6,45.2
Tampa Bay Buccaneers,2050,4.7,3.0,319.4,364.7,10.7,0.764,67.3,5.92,3.64,5.9,4.3,29.2,87.3,44.3,2.46,7.15,4.5,28.8,4.13,10.0,27.1,35.7,9.8,22.0,37.3,43.7
Minnesota Vikings,2050,7.6,7.0,370.1,357.9,14.4,0.559,75.8,6.25,2.88,2.9,4.8,28.9,80.0,51.4,2.21,6.72,4.4,29.1,4.47,11.6,26.1,36.1,11.6,24.0,33.7,42.5
Atlanta Falcons,2050,7.1,7.0,315.5,317.1,11.4,0.489,79.8,6.56,2.25,4.1,3.64,27.3,82.0,47.6,2.46,6.77,5.2,22.8,3.25,12.6,25.0,36.2,12.0,23.3,36.1,44.5
Dallas Cowboys,2050,11.1,10.0,373.1,324.8,8.2,1.146,88.2,6.65,1.2,3.1,4.64,31.4,79.4,51.2,2.36,6.58,8.5,30.2,3.78,11.4,25.8,35.5,13.2,22.8,37.5,45.5
Pittsburgh Steelers,2050,12.0,15.0,364.4,315.1,5.1,0.667,96.8,6.71,1.26,2.5,4.18,29.5,75.4,54.0,3.26,6.26,6.0,25.6,4.07,17.2,27.7,33.9,9.6,23.9,40.9,47.5
Philadelphia Eagles,2050,3.5,3.0,324.4,367.6,10.1,1.49,74.8,6.49,3.3,5.6,4.12,25.4,85.1,48.3,2.05,6.37,3.0,38.7,4.78,8.3,20.2,38.1,11.5,27.0,36.9,42.9
Carolina Panthers,2050,8.6,9.0,315.7,338.1,9.2,0.593,70.4,6.54,3.03,6.0,3.8,29.6,79.5,55.3,2.23,6.21,4.3,32.3,4.24,7.5,22.7,38.4,11.1,27.2,37.2,44.2
Green Bay Packers,2050,8.1,8.0,347.6,321.3,10.6,0.758,81.4,6.74,2.73,4.9,3.9,33.5,72.7,68.8,4.93,6.36,3.7,22.6,3.31,9.9,22.6,37.2,9.7,23.6,35.6,42.7
New York (N) Giants,2050,5.2,4.0,328.8,345.9,9.6,0.814,69.4,5.7,2.92,3.9,3.88,27.7,79.6,54.8,2.39,6.22,3.8,32.0,4.58,7.3,19.4,38.4,14.3,27.6,35.7,46.6
Los Angeles (A) Chargers,2050,6.9,8.0,331.2,369.2,8.6,1.317,78.4,6.83,2.73,5.8,3.43,25.4,79.8,57.7,2.81,6.82,5.5,33.2,5.05,14.7,25.5,34.3,9.3,23.5,36.1,42.9
Buffalo Bills,2050,6.8,7.0,383.1,373.6,6.1,0.542,84.3,6.53,1.37,3.4,4.3,31.5,84.8,58.8,2.65,7.03,3.6,31.7,4.78,6.7,24.0,38.5,12.8,26.1,32.2,40.3
Tennessee Titans,2050,9.0,9.0,362.8,344.6,8.6,0.86,80.9,6.73,2.05,2.3,3.75,30.3,81.2,49.3,2.54,6.51,4.6,28.5,3.79,13.1,28.2,36.6,9.2,22.5,35.3,43.4
Houston Texans,2050,4.6,6.0,261.8,365.3,10.7,1.104,67.4,5.17,2.89,7.0,3.71,23.9,82.7,52.4,3.21,6.96,3.7,23.8,3.56,14.7,27.2,35.8,10.0,23.6,37.2,45.3
Indianapolis Colts,2051,8.5,9.0,368.9,313.0,7.5,0.814,80.3,6.36,1.81,4.5,4.83,34.2,75.6,61.5,2.5,6.21,4.9,23.9,3.81,9.5,25.2,39.0,14.5,31.3,37.4,46.4
Seattle Seahawks,2051,12.7,12.0,367.3,322.9,5.9,0.554,89.9,6.82,2.43,1.4,4.37,37.1,73.7,60.1,2.68,6.45,4.6,25.4,4.11,20.9,25.5,31.1,10.8,21.5,37.0,44.7
Kansas City Chiefs,2051,6.3,8.0,334.4,325.7,9.0,1.003,61.0,5.01,3.46,5.7,5.59,44.8,93.6,38.5,1.46,7.3,3.5,23.3,3.3,10.4,27.0,36.3,13.6,26.3,39.0,49.3
San Francisco 49ers,2051,7.5,9.0,382.9,394.1,9.4,0.669,76.1,6.9,4.16,4.5,5.29,36.3,88.2,55.3,2.58,6.88,4.2,31.1,5.02,14.8,20.3,34.5,10.5,23.8,35.4,47.0
Cincinnati Bengals,2051,9.7,7.0,329.4,346.3,7.2,1.182,74.6,6.28,3.13,5.4,4.7,28.6,72.6,64.5,2.29,6.19,5.2,30.1,3.94,16.3,28.7,32.6,12.4,24.0,36.8,43.8
Detroit Lions,2051,5.5,5.0,362.2,351.7,10.8,0.834,86.9,6.41,1.55,3.5,4.62,25.7,88.8,50.3,2.29,6.57,4.2,37.1,4.66,3.1,23.4,42.3,16.9,27.2,33.1,42.7
Cleveland Browns,2051,10.3,12.0,355.2,306.1,7.9,0.474,91.5,7.05,1.14,4.5,4.23,28.5,73.3,59.1,3.27,5.88,4.5,33.7,4.27,14.3,21.7,36.0,11.6,25.2,32.2,38.9
Arizona Cardinals,2051,9.4,9.0,339.1,326.9,8.4,0.943,83.1,6.36,1.62,6.3,4.51,31.1,76.5,61.1,2.27,5.74,4.9,30.2,4.35,12.9,22.5,37.2,12.3,25.0,36.5,45.4
Miami Dolphins,2051,9.3,7.0,342.9,314.9,10.4,0.659,75.6,6.3,3.69,4.2,4.39,32.0,72.1,56.9,1.94,5.75,5.2,29.8,4.2,11.7,24.3,36.3,11.9,26.4,36.3,44.8
Jacksonville Jaguars,2051,2.3,2.0,294.6,344.8,8.4,0.882,66.9,5.77,3.46,5.6,4.12,26.9,94.1,43.1,0.74,7.26,4.4,24.1,4.0,8.5,20.9,38.5,16.6,25.4,35.2,44.2
Dallas Cowboys,2051,9.2,10.0,346.6,344.0,6.2,0.829,82.0,6.09,2.0,3.7,4.44,33.3,84.7,56.9,3.51,7.23,6.9,25.2,3.88,9.5,24.7,39.5,8.8,23.9,37.9,45.3
Chicago Bears,2051,9.5,8.0,339.9,344.9,10.0,1.353,77.0,6.25,2.95,4.5,4.66,28.7,71.3,62.7,3.06,5.87,4.8,33.3,4.75,12.9,27.3,37.3,12.9,24.6,39.2,47.6
Baltimore Ravens,2051,7.0,8.0,327.8,359.7,7.9,0.924,83.3,6.23,2.44,5.8,3.96,28.1,73.8,54.8,2.82,6.13,3.0,34.6,4.81,9.8,22.9,36.9,15.4,23.9,33.2,41.8
New York (N) Giants,2051,9.7,12.0,389.7,347.1,7.9,1.032,90.8,7.8,2.8,3.1,3.92,26.5,85.7,52.0,0.96,6.19,3.5,37.0,4.84,15.9,19.1,35.4,13.0,25.0,34.0,43.9
Washington Commanders,2051,8.9,7.0,340.9,331.8,9.0,0.699,86.5,6.58,2.45,4.5,4.56,32.2,87.4,50.5,1.8,6.4,5.4,27.7,3.64,13.1,26.0,37.9,13.8,23.5,36.4,42.8
New England Patriots,2051,12.5,13.0,369.8,314.9,11.1,0.854,92.1,7.31,2.42,4.0,4.05,30.4,64.5,68.4,2.99,5.72,4.9,27.5,4.08,16.2,27.2,33.6,9.8,20.3,37.6,47.2
Atlanta Falcons,2051,12.3,14.0,341.2,376.7,7.3,0.814,92.5,8.3,2.57,7.0,3.78,27.2,71.3,64.3,4.12,6.84,4.0,24.2,3.94,17.0,34.2,33.8,8.8,22.1,39.0,47.4
New York (A) Jets,2051,10.0,12.0,374.8,362.9,6.7,0.742,82.0,6.16,2.55,3.4,5.12,34.1,78.3,66.3,3.07,6.75,4.3,34.3,4.52,17.7,22.5,35.1,10.3,22.0,37.3,45.4
Minnesota Vikings,2051,8.2,6.0,346.2,362.9,13.8,0.296,78.3,6.46,2.72,4.4,4.66,31.2,83.2,45.9,1.68,6.31,4.6,35.1,4.92,13.6,31.1,33.7,10.2,24.8,38.8,47.1
Carolina Panthers,2051,7.2,6.0,345.9,381.9,10.0,0.863,85.0,7.0,1.84,7.0,4.08,32.4,86.2,59.9,2.66,7.44,4.1,29.4,4.19,9.9,26.7,37.6,11.1,21.9,35.7,43.8
Las Vegas Raiders,2051,6.9,7.0,293.0,336.7,7.9,0.976,80.2,5.7,1.42,3.8,3.69,32.8,74.5,58.9,2.96,5.81,4.2,35.1,5.12,10.8,25.1,35.3,15.5,25.4,35.5,44.5
Los Angeles (N) Rams,2051,6.9,6.0,344.5,330.3,8.6,1.214,83.4,6.45,2.04,4.9,4.03,25.2,83.3,47.4,1.4,6.29,4.5,30.8,4.35,12.5,24.4,36.9,15.8,22.9,36.6,46.7
Philadelphia Eagles,2051,3.0,2.0,309.2,360.0,10.2,1.365,71.5,6.02,2.32,7.7,4.31,27.1,88.3,52.0,0.5,6.13,3.6,36.9,4.79,9.6,24.3,37.3,14.2,25.0,35.3,44.4
Los Angeles (A) Chargers,2051,8.6,9.0,324.8,309.3,9.3,1.471,81.9,6.77,2.66,6.0,3.82,29.5,75.2,58.1,2.24,5.56,4.9,26.7,3.92,10.5,26.6,37.4,10.8,23.8,36.3,42.5
Green Bay Packers,2051,7.3,10.0,328.4,317.1,10.2,0.949,72.8,5.51,1.96,4.2,4.9,37.7,82.8,52.5,2.1,6.52,5.3,24.5,3.52,13.2,22.0,36.4,12.6,23.9,36.5,44.6
New Orleans Saints,2051,10.0,8.0,372.3,312.3,8.5,0.919,77.8,6.87,3.49,6.5,4.25,25.0,70.9,62.0,3.61,6.14,6.3,25.6,3.74,11.7,19.6,36.8,11.3,20.2,37.9,45.3
Pittsburgh Steelers,2051,8.6,9.0,332.0,315.5,7.7,0.887,81.1,6.19,1.83,3.0,4.05,33.4,77.0,58.2,2.71,6.09,4.0,29.1,3.89,15.8,26.0,33.2,13.9,25.8,35.8,45.7
Houston Texans,2051,6.1,7.0,292.6,339.6,10.2,0.382,68.1,5.74,2.73,6.0,3.51,22.9,77.7,54.7,2.15,5.99,5.0,30.2,4.5,13.1,20.1,35.4,13.7,26.7,37.9,47.5
Buffalo Bills,2051,3.7,2.0,309.1,365.6,7.3,0.892,66.8,5.3,1.91,4.4,3.57,28.2,84.7,58.2,3.34,6.93,4.7,31.5,4.43,10.8,24.3,36.7,16.5,23.4,34.3,45.2
Denver Broncos,2051,5.8,4.0,306.4,326.8,11.7,0.873,71.2,5.91,3.24,4.3,3.47,24.3,72.8,53.8,2.86,5.83,5.7,32.2,4.87,10.5,21.7,38.2,7.5,25.7,37.5,44.7
Tampa Bay Buccaneers,2051,4.6,6.0,304.9,337.2,11.3,0.643,66.4,5.81,2.65,4.6,2.97,17.3,73.2,60.5,3.11,6.38,6.4,27.8,3.76,8.7,23.6,36.1,7.7,32.8,37.5,43.5
Tennessee Titans,2051,8.5,9.0,351.9,345.1,7.5,0.626,73.0,6.06,2.29,2.1,3.07,24.8,67.9,67.0,3.39,6.02,3.7,33.3,4.05,13.4,24.8,39.0,11.5,23.9,35.0,44.2
Seattle Seahawks,2052,10.4,11.0,376.8,363.3,6.5,0.383,91.1,6.67,2.0,4.1,5.45,42.3,92.2,45.9,1.63,7.67,4.5,28.6,4.32,15.9,26.6,35.3,11.0,22.5,37.6,46.1
New Orleans Saints,2052,10.5,10.0,413.4,322.8,8.6,1.171,88.9,7.54,2.79,7.6,5.4,45.9,82.4,53.2,2.75,7.12,6.0,27.6,3.84,12.5,19.5,35.6,11.8,25.1,39.3,46.8
Kansas City Chiefs,2052,6.6,7.0,315.7,351.3,8.8,0.87,77.8,5.82,3.5,7.7,4.9,35.5,79.1,58.2,3.02,6.66,4.9,32.8,4.45,10.9,25.9,36.8,13.5,24.0,38.8,47.6
Indianapolis Colts,2052,11.3,13.0,325.5,314.3,10.0,0.37,71.2,6.19,2.89,4.4,4.27,37.5,70.6,67.5,2.48,5.76,4.9,31.2,4.36,14.5,29.4,35.4,9.8,24.9,36.3,45.8
Chicago Bears,2052,8.4,8.0,336.8,338.8,9.2,1.163,79.1,6.13,2.63,5.2,4.99,34.7,83.4,53.0,2.89,7.23,5.3,31.6,4.18,13.0,23.8,35.4,19.8,22.5,35.8,46.8
Cincinnati Bengals,2052,9.6,13.0,350.8,320.0,5.8,0.864,87.6,6.97,2.39,6.3,4.61,34.7,78.2,56.6,2.3,6.02,2.9,26.9,4.0,14.2,23.9,35.5,9.5,24.5,37.4,44.0
Las Vegas Raiders,2052,8.0,8.0,337.5,358.5,9.8,0.386,71.8,5.76,2.69,4.8,5.28,37.6,80.8,63.0,2.61,6.89,5.1,31.8,4.14,13.0,29.5,37.1,13.0,23.3,35.3,44.4
Arizona Cardinals,2052,7.1,7.0,367.3,357.0,8.4,0.471,81.9,6.68,2.06,5.1,4.84,32.4,86.7,47.6,1.55,6.39,4.0,36.3,4.8,10.6,21.9,38.2,10.3,27.3,36.5,45.1
Washington Commanders,2052,9.3,10.0,372.0,357.0,9.2,0.951,92.2,6.75,1.71,3.1,4.75,34.0,77.6,60.7,3.5,6.83,3.5,32.0,4.02,13.0,27.6,37.2,13.0,24.4,34.5,42.8
San Francisco 49ers,2052,8.1,7.0,384.4,358.3,10.0,0.734,88.9,7.06,1.85,4.0,4.45,33.3,80.0,57.0,1.99,6.18,3.2,36.3,5.26,18.5,24.5,35.2,11.0,29.4,38.0,46.7
Green Bay Packers,2052,9.6,10.0,348.3,312.8,9.4,0.96,73.5,6.53,3.2,4.3,4.51,40.2,77.9,54.9,1.68,5.85,5.7,27.3,4.06,18.7,20.0,34.5,12.3,23.3,35.6,45.0
Tampa Bay Buccaneers,2052,10.8,11.0,394.8,316.7,11.0,1.026,79.5,7.41,3.55,3.0,4.39,28.4,78.0,62.2,2.61,6.29,4.6,29.3,3.71,14.4,24.1,35.3,8.8,27.4,36.2,42.2
Atlanta Falcons,2052,11.5,12.0,352.9,355.1,11.5,0.882,89.4,7.46,1.96,5.2,4.2,30.9,68.5,59.8,4.05,6.69,5.0,32.8,4.17,16.1,30.8,34.6,11.5,19.6,37.8,47.2
Jacksonville Jaguars,2052,4.5,4.0,293.4,322.5,10.4,1.359,68.1,5.5,3.01,5.9,4.25,29.8,78.5,57.6,2.0,6.36,5.7,26.4,4.18,11.4,22.1,36.8,15.6,26.0,34.3,42.8
New England Patriots,2052,10.6,10.0,374.1,326.6,11.8,0.651,82.3,6.58,2.22,2.9,4.56,37.5,69.5,70.0,3.91,6.27,5.2,28.1,4.09,15.0,28.7,36.4,8.0,25.0,40.4,46.0
New York (N) Giants,2052,9.3,11.0,415.3,354.1,9.7,0.643,91.3,8.22,2.53,3.4,3.98,26.0,79.7,51.4,2.4,6.34,4.0,34.9,4.5,7.0,22.9,37.5,14.2,24.0,34.9,43.7
Minnesota Vikings,2052,7.9,7.0,331.3,318.7,12.2,0.837,69.7,5.88,2.87,5.0,4.43,29.5,69.3,58.2,2.83,5.7,3.7,34.3,4.35,11.3,27.9,35.9,13.7,25.1,36.7,45.6
Miami Dolphins,2052,4.9,5.0,314.3,352.8,9.7,0.469,65.9,5.56,3.18,2.1,3.91,32.0,85.2,50.4,2.73,6.54,3.1,34.0,4.27,9.0,22.3,38.3,10.8,25.1,38.7,45.6
Carolina Panthers,2052,6.3,5.0,319.9,372.7,10.4,0.981,74.7,6.49,3.04,7.5,4.24,33.0,81.6,51.7,2.61,6.74,4.2,31.6,4.71,7.1,29.0,38.1,15.4,23.5,35.0,44.2
Denver Broncos,2052,4.2,4.0,310.8,364.9,10.8,0.977,73.1,6.2,3.3,5.2,3.92,23.9,78.6,52.4,2.33,6.62,6.8,37.5,4.8,8.9,21.0,36.7,12.5,26.5,36.8,44.8
Detroit Lions,2052,4.2,5.0,346.2,357.4,15.1,1.046,80.1,6.48,2.12,4.4,4.19,23.3,78.1,52.2,2.15,5.81,3.8,41.0,4.96,11.5,22.8,38.2,17.7,28.9,33.4,44.8
Pittsburgh Steelers,2052,12.4,14.0,410.6,309.3,8.4,0.557,92.2,7.04,2.26,2.6,4.84,40.2,74.7,57.5,2.16,5.98,3.5,25.0,3.62,14.0,28.0,34.1,15.6,22.8,35.4,46.6
Cleveland Browns,2052,5.3,5.0,309.4,360.2,6.7,0.576,70.2,6.16,2.86,4.8,3.69,27.5,75.8,62.4,3.97,6.67,2.9,35.7,4.37,12.1,24.4,34.7,12.9,23.4,35.0,44.4
New York (A) Jets,2052,10.0,11.0,375.1,364.8,7.3,0.773,91.4,6.81,1.97,4.2,4.78,29.7,76.1,58.8,2.49,6.24,4.6,36.8,4.95,17.0,24.2,36.7,12.2,23.0,38.6,49.9
Baltimore Ravens,2052,6.3,7.0,349.6,405.8,8.6,0.984,89.6,7.38,2.85,3.9,3.69,23.4,85.8,55.2,2.28,6.98,3.6,37.3,5.44,7.1,21.2,37.7,14.5,25.8,33.8,43.5
Dallas Cowboys,2052,6.9,6.0,337.6,395.4,6.4,0.75,74.7,5.9,2.84,3.3,4.24,36.1,85.5,48.5,3.67,7.25,3.7,36.6,4.61,14.3,23.9,34.9,11.6,22.5,38.9,48.6
Los Angeles (N) Rams,2052,7.8,8.0,303.8,340.9,10.1,0.682,77.0,6.03,1.74,4.5,3.73,28.8,76.6,60.5,1.85,6.3,6.0,30.0,4.28,12.7,26.9,37.7,9.8,22.8,36.2,45.5
Buffalo Bills,2052,6.8,5.0,334.7,335.6,10.6,0.481,69.1,6.36,4.02,5.0,4.02,28.2,89.1,49.4,2.19,6.91,4.4,28.9,3.78,10.1,24.9,39.0,17.9,24.5,34.8,44.4
Philadelphia Eagles,2052,4.1,2.0,297.7,361.5,11.2,0.675,65.1,5.48,3.82,2.8,3.66,27.7,82.6,48.1,2.56,6.56,3.1,34.8,4.41,9.6,21.7,36.4,8.4,22.2,35.9,43.3
Houston Texans,2052,6.4,4.0,288.2,351.4,8.2,0.762,67.4,5.15,2.37,5.1,4.01,30.3,77.8,58.5,2.61,6.4,5.1,34.6,4.28,14.5,22.5,34.6,11.5,24.9,39.5,48.1
Tennessee Titans,2052,8.2,8.0,358.9,342.8,8.4,0.903,75.9,6.21,1.55,3.1,3.61,32.3,71.0,65.0,3.14,5.64,3.2,33.7,4.24,10.9,24.8,37.0,11.2,26.0,34.7,41.5
Los Angeles (A) Chargers,2052,7.0,8.0,373.4,357.3,7.7,0.814,77.6,6.75,3.11,4.0,3.2,31.1,77.1,62.6,3.47,6.41,5.5,37.3,4.91,9.1,21.8,38.7,11.5,24.4,34.4,42.2
Chicago Bears,2053,10.0,9.0,371.0,376.4,8.0,0.787,103.9,6.88,1.4,6.1,5.65,37.2,84.5,52.6,2.84,7.53,5.8,33.4,4.34,12.2,27.1,38.2,13.3,26.2,38.0,47.0
Kansas City Chiefs,2053,9.0,8.0,319.0,337.9,7.7,0.195,83.3,5.92,1.97,7.3,4.92,39.0,79.8,56.8,2.32,6.42,4.4,29.9,4.23,15.0,26.3,35.8,9.9,25.0,36.6,46.7
Arizona Cardinals,2053,8.1,8.0,353.3,352.1,7.6,1.026,72.0,5.98,2.59,5.4,5.21,37.6,92.7,42.6,1.39,6.66,4.8,35.9,4.33,15.7,24.6,34.3,12.4,22.7,35.5,44.0
New Orleans Saints,2053,10.5,12.0,419.4,317.7,6.4,0.697,92.0,7.2,1.27,4.7,4.95,36.9,73.8,62.9,4.15,6.57,5.8,34.4,4.39,4.8,18.2,40.0,14.6,31.0,34.3,44.2
San Francisco 49ers,2053,10.9,11.0,397.9,333.8,8.5,0.575,106.7,8.35,2.22,5.2,4.58,36.3,81.5,55.1,1.74,6.06,4.0,31.2,4.91,17.7,22.2,36.9,8.9,23.3,37.7,45.6
Los Angeles (N) Rams,2053,6.3,7.0,296.1,343.8,10.4,1.209,66.5,4.98,2.35,6.1,4.45,29.9,79.9,62.5,4.03,6.67,3.9,30.1,4.13,11.9,24.5,37.5,13.5,22.7,37.4,45.4
Indianapolis Colts,2053,10.3,8.0,342.9,312.2,9.0,0.477,74.2,6.52,2.4,2.7,4.31,33.4,75.2,58.5,1.93,5.74,5.2,29.4,3.9,13.6,28.4,36.0,12.4,25.6,38.0,47.7
Cincinnati Bengals,2053,7.6,7.0,364.6,358.5,6.3,1.129,90.1,7.19,2.12,6.6,4.56,34.2,97.8,47.9,1.25,7.2,4.9,35.3,4.72,12.2,24.0,37.1,9.1,26.5,38.1,44.4
Las Vegas Raiders,2053,7.3,8.0,304.1,382.3,7.8,0.599,75.0,5.69,2.27,5.7,4.71,30.3,76.4,67.6,3.38,6.66,2.8,31.8,4.6,10.9,27.1,36.1,10.1,26.2,35.9,43.6
New England Patriots,2053,9.7,9.0,376.5,316.8,12.2,0.853,77.8,6.76,4.61,5.3,5.22,39.9,80.2,57.6,1.76,6.19,5.5,31.6,3.91,9.9,33.8,35.9,11.3,23.0,39.9,46.9
Miami Dolphins,2053,6.3,7.0,321.2,342.9,8.2,0.488,81.6,6.17,2.43,3.7,4.33,31.4,75.9,62.2,2.72,6.34,4.0,35.4,4.61,12.7,25.2,36.8,10.0,26.8,35.3,43.2
New York (N) Giants,2053,8.3,9.0,390.7,337.8,11.2,1.217,88.4,7.25,2.74,3.9,4.68,34.4,76.6,57.6,2.89,5.9,4.2,34.4,4.76,7.3,19.6,37.4,13.8,25.8,36.1,44.3
Seattle Seahawks,2053,10.1,12.0,326.8,328.6,6.8,0.663,78.9,5.95,2.43,2.4,4.19,32.9,69.7,65.6,3.09,6.2,6.0,24.9,3.96,14.5,24.7,37.5,12.7,27.0,38.7,49.5
Cleveland Browns,2053,8.4,8.0,313.3,348.5,7.2,0.619,84.2,6.37,1.69,4.3,4.47,29.4,79.0,51.1,3.15,6.68,3.5,31.1,4.11,16.7,28.8,35.3,12.6,22.6,39.2,48.0
Carolina Panthers,2053,8.7,10.0,318.6,364.9,8.1,1.077,83.9,6.33,2.64,10.5,4.95,36.6,76.5,60.1,2.64,6.43,4.3,30.3,4.26,11.0,27.8,37.3,7.4,24.0,41.0,46.5
Denver Broncos,2053,5.7,8.0,333.9,331.7,10.3,0.763,75.9,6.39,2.64,4.0,4.19,27.3,80.0,49.7,1.91,5.77,5.6,33.3,4.85,11.4,25.3,35.0,11.4,29.2,36.6,43.7
Washington Commanders,2053,9.2,7.0,358.2,353.4,7.9,0.469,86.2,6.34,1.76,4.1,4.73,32.9,84.0,49.9,2.4,6.7,4.1,29.7,4.23,13.7,29.0,37.2,10.4,21.3,34.4,41.7
Green Bay Packers,2053,9.2,8.0,375.7,351.4,8.5,0.755,81.9,7.04,2.84,3.2,4.34,41.2,83.2,52.4,2.07,6.57,4.4,31.0,4.66,14.4,23.6,34.0,14.0,23.9,37.4,46.5
New York (A) Jets,2053,11.6,11.0,424.1,334.7,8.1,0.75,97.7,7.44,2.05,4.7,5.47,33.4,69.9,70.2,3.25,5.74,6.1,33.7,5.03,11.5,28.7,37.3,11.1,26.2,34.9,43.1
Buffalo Bills,2053,5.0,5.0,305.2,357.9,12.2,0.474,58.9,5.9,3.27,5.7,3.94,24.8,87.6,48.4,2.48,6.79,3.9,34.5,4.41,11.1,24.5,37.4,11.0,27.8,40.1,47.0
Pittsburgh Steelers,2053,11.5,13.0,416.9,314.7,7.5,0.664,103.6,7.88,1.9,3.9,4.62,30.8,82.1,57.8,2.81,6.52,5.6,27.0,3.84,11.2,27.7,36.9,15.1,24.9,35.7,45.3
Tampa Bay Buccaneers,2053,7.8,10.0,362.4,362.4,9.6,0.768,79.7,7.44,3.55,4.9,3.93,31.1,85.6,48.1,1.69,6.41,6.5,35.2,5.22,9.7,24.8,37.9,3.8,23.9,40.4,43.2
Dallas Cowboys,2053,10.4,10.0,390.1,351.8,7.2,1.022,97.7,7.08,2.0,2.8,4.32,31.9,88.8,40.2,3.53,6.88,6.9,32.2,4.72,8.6,21.0,37.3,11.4,22.9,40.5,48.9
Detroit Lions,2053,3.7,2.0,329.4,383.4,14.4,0.856,67.8,5.9,3.61,4.5,4.43,24.2,91.1,50.0,2.07,6.59,4.0,37.9,5.46,14.3,24.1,35.2,14.0,24.0,37.1,46.9
Minnesota Vikings,2053,6.6,7.0,362.4,347.3,12.2,0.468,80.4,6.4,2.63,5.4,4.74,31.5,86.6,52.7,2.62,7.15,6.3,32.6,4.33,8.3,22.4,38.9,11.4,26.2,35.4,42.3
Houston Texans,2053,6.1,8.0,286.3,320.0,7.6,0.568,73.8,5.38,2.43,3.5,3.5,27.0,85.8,53.1,2.37,6.53,5.2,28.7,3.93,12.8,19.8,35.8,13.6,25.2,38.1,47.0
Baltimore Ravens,2053,5.9,5.0,325.8,339.5,10.3,1.153,77.6,5.96,2.4,2.8,4.0,25.9,89.7,48.3,1.93,6.5,5.8,32.7,4.76,5.9,24.8,39.6,12.2,27.9,36.6,44.9
Tennessee Titans,2053,7.2,6.0,298.0,338.8,7.3,1.337,75.3,5.91,3.05,5.7,3.62,29.8,80.2,61.2,2.47,6.51,3.7,31.7,4.36,17.1,24.8,35.5,11.1,23.7,35.3,42.0
Atlanta Falcons,2053,10.5,9.0,329.0,349.3,10.8,0.301,79.2,7.15,3.42,5.4,3.64,27.8,73.8,61.5,3.96,6.63,5.2,26.2,3.59,10.5,29.8,38.8,8.3,21.2,38.3,46.4
Los Angeles (A) Chargers,2053,5.8,6.0,374.1,337.3,7.4,1.086,79.9,6.41,3.22,5.3,4.62,32.8,76.7,55.0,3.09,6.07,7.3,37.0,5.35,7.3,22.9,39.5,17.1,26.0,30.8,39.4
Philadelphia Eagles,2053,3.3,4.0,321.2,370.3,8.3,0.951,66.3,6.13,3.58,4.6,3.66,24.9,88.2,44.9,1.6,6.6,3.4,36.2,4.77,9.1,21.2,36.8,7.6,24.9,36.7,42.6
Jacksonville Jaguars,2053,4.2,6.0,251.2,361.2,10.4,0.792,72.0,5.02,1.97,6.0,3.35,24.7,83.5,54.9,2.52,6.5,2.3,29.3,4.07,12.3,30.3,37.3,16.4,25.2,34.3,44.3
Chicago Bears,2054,8.5,9.0,348.4,366.6,8.6,0.609,84.0,6.26,2.0,3.1,5.5,37.1,84.5,53.8,3.3,7.36,3.9,34.4,4.5,11.5,25.9,35.6,16.9,22.0,37.3,47.4
Los Angeles (N) Rams,2054,9.6,10.0,332.5,339.1,10.3,1.322,84.4,6.64,3.12,5.9,5.06,36.9,74.8,60.9,3.16,6.2,3.2,33.0,4.61,12.8,24.6,36.4,7.7,23.3,39.0,46.0
Seattle Seahawks,2054,9.5,10.0,388.6,330.1,6.6,0.806,96.8,6.71,1.95,2.8,4.87,44.0,86.6,59.7,3.21,7.73,3.5,27.7,3.8,11.4,21.3,36.2,12.0,23.6,39.3,48.1
San Francisco 49ers,2054,11.0,11.0,348.4,323.5,10.2,0.802,92.0,7.16,1.82,6.0,4.9,35.5,72.1,62.3,3.49,5.83,4.1,33.1,4.81,14.7,24.6,34.7,11.1,23.4,36.5,43.9
Cincinnati Bengals,2054,8.9,11.0,359.3,343.3,5.6,0.871,86.6,7.34,3.52,5.0,4.63,36.8,85.2,50.2,1.99,6.73,5.0,30.2,4.43,11.7,27.4,35.0,8.9,24.1,35.8,41.2
Kansas City Chiefs,2054,8.5,9.0,348.7,357.2,8.1,0.792,77.2,6.55,3.65,3.5,4.9,34.7,80.6,54.9,2.12,6.55,5.4,33.8,4.37,16.0,27.5,36.2,11.3,23.1,38.1,47.0
Green Bay Packers,2054,9.7,10.0,352.1,343.9,7.1,0.83,78.4,6.09,1.81,2.1,4.5,43.6,75.8,58.1,3.14,6.43,2.9,32.5,4.95,14.0,21.4,36.5,12.1,22.8,38.0,46.6
Arizona Cardinals,2054,8.0,6.0,353.3,359.9,8.7,0.786,78.9,6.36,2.96,3.2,5.07,33.8,81.2,51.7,1.97,6.58,4.8,38.2,4.65,13.1,23.4,37.9,10.2,23.1,37.6,44.5
New York (N) Giants,2054,10.3,12.0,426.4,378.6,10.2,1.325,97.2,8.15,2.12,2.4,4.83,36.0,77.1,61.1,1.64,6.17,4.0,35.3,5.02,6.9,22.8,39.9,11.8,26.1,36.4,45.7
New England Patriots,2054,10.3,11.0,350.9,310.9,11.8,0.675,83.5,6.61,2.78,4.4,4.66,35.4,73.9,48.6,2.27,5.69,2.7,32.2,4.2,14.7,26.4,35.2,9.8,24.6,38.9,47.1
Miami Dolphins,2054,11.4,11.0,380.6,312.8,10.9,0.581,93.2,7.49,2.63,1.8,4.41,30.6,67.1,61.8,3.79,5.55,7.0,34.4,5.19,6.3,21.2,38.4,12.3,26.7,36.6,44.4
Las Vegas Raiders,2054,8.4,8.0,355.4,361.5,8.3,0.965,85.2,6.17,1.34,3.3,5.07,36.1,80.7,62.2,2.52,6.56,4.6,33.2,4.62,11.5,24.5,35.3,13.5,25.5,35.8,43.9
Minnesota Vikings,2054,5.8,6.0,347.2,367.4,14.2,0.934,77.7,6.29,2.46,4.7,4.49,34.5,81.7,49.0,2.73,7.51,4.7,35.3,4.73,12.9,23.4,35.7,9.7,24.6,31.8,39.0
Baltimore Ravens,2054,6.0,5.0,336.3,338.9,11.2,0.743,77.8,6.01,1.69,5.6,4.51,31.0,82.7,62.9,3.36,6.64,4.1,33.9,4.52,3.2,19.6,38.4,15.7,25.1,33.4,43.1
Indianapolis Colts,2054,6.4,5.0,309.9,314.6,8.7,0.376,69.1,5.56,2.7,4.8,4.21,32.6,85.1,56.2,2.61,6.48,5.7,27.4,3.64,13.9,24.7,37.5,12.8,24.0,37.3,47.7
Jacksonville Jaguars,2054,6.7,7.0,276.8,301.1,11.4,0.387,71.1,5.41,3.21,9.1,4.15,32.0,78.0,60.4,1.68,5.76,3.2,27.0,3.46,10.9,23.3,35.4,12.6,22.9,35.9,45.4
Denver Broncos,2054,8.3,8.0,349.9,339.9,11.2,0.874,79.1,7.19,3.3,2.8,4.0,27.0,81.5,49.8,2.49,6.42,4.6,34.0,4.6,12.1,23.2,38.2,10.1,26.3,38.0,45.0
Cleveland Browns,2054,10.7,11.0,334.1,347.1,5.9,0.472,88.5,6.14,1.7,6.7,4.64,29.8,77.0,56.1,2.5,6.38,4.0,31.9,4.48,13.4,25.7,33.6,14.6,26.1,37.0,46.1
Dallas Cowboys,2054,9.3,10.0,348.4,371.4,6.4,0.588,88.1,6.58,2.21,3.8,4.54,36.4,79.9,61.7,3.83,7.09,3.4,30.7,3.99,14.8,24.9,36.4,14.4,23.8,38.0,49.6
New York (A) Jets,2054,8.8,11.0,396.8,350.1,6.8,0.795,77.6,6.42,2.9,3.7,4.89,32.7,82.8,53.0,2.83,6.68,4.3,33.3,4.31,10.6,22.1,37.4,10.0,23.2,34.7,42.4
Tampa Bay Buccaneers,2054,8.7,9.0,397.1,372.9,11.2,0.659,80.6,7.45,3.51,3.8,4.43,29.6,84.7,52.2,2.01,6.52,4.2,31.9,4.71,10.3,26.3,36.5,8.1,23.9,36.5,42.9
Washington Commanders,2054,5.2,4.0,352.8,366.3,10.3,1.042,67.1,6.18,3.29,2.9,4.54,34.4,82.1,47.0,2.1,6.45,4.2,34.6,4.75,19.4,29.8,34.4,15.2,20.9,37.4,46.9
New Orleans Saints,2054,7.3,7.0,362.6,375.4,10.2,0.682,91.3,7.27,1.73,4.9,4.27,38.6,89.7,47.0,2.86,7.16,5.1,34.5,4.75,9.1,20.0,37.1,12.3,24.6,33.9,42.4
Carolina Panthers,2054,4.8,3.0,319.6,349.4,10.3,0.855,77.1,6.16,2.36,6.0,3.97,32.8,91.8,53.9,1.7,7.43,3.6,31.0,3.89,12.4,25.9,35.9,10.4,26.1,38.2,46.7
Pittsburgh Steelers,2054,10.0,12.0,394.9,340.9,8.7,0.37,88.9,7.24,2.54,3.9,4.22,31.5,73.4,62.7,2.58,5.98,3.6,32.6,4.62,11.8,26.5,36.5,11.7,24.9,37.5,45.6
Buffalo Bills,2054,5.7,5.0,297.5,335.0,8.0,1.151,64.7,5.57,3.69,4.6,3.88,28.0,82.3,54.9,2.3,6.31,4.4,33.2,4.53,13.7,25.7,35.0,10.8,23.0,39.2,45.8
Philadelphia Eagles,2054,6.4,7.0,369.0,343.6,9.9,0.806,84.9,6.79,1.81,3.6,3.68,28.0,84.0,56.3,2.32,6.88,3.5,35.5,4.49,7.8,20.3,38.7,10.8,24.0,35.7,43.4
Atlanta Falcons,2054,11.0,12.0,372.0,338.2,11.1,0.595,93.8,8.38,2.96,4.2,3.53,25.2,71.5,65.7,3.69,6.4,4.4,27.8,3.74,15.5,27.9,36.7,7.5,24.7,39.0,46.2
Detroit Lions,2054,3.4,4.0,297.8,358.4,12.2,0.5,60.5,6.15,4.64,2.5,3.45,20.1,79.6,59.9,2.05,5.77,2.4,40.1,4.96,8.5,22.2,37.9,14.6,24.9,35.7,45.6
Tennessee Titans,2054,6.0,4.0,319.6,330.7,5.2,1.361,87.2,6.15,1.46,4.9,4.03,25.1,79.6,59.5,2.23,6.43,3.6,30.6,3.93,11.2,24.6,36.3,12.8,26.8,34.4,40.6
Houston Texans,2054,6.1,6.0,286.7,342.1,9.5,1.144,68.0,5.27,1.61,4.3,3.73,26.7,83.2,54.7,2.67,6.69,7.0,28.9,3.75,12.3,25.0,37.6,11.1,25.2,34.9,40.8
Los Angeles (A) Chargers,2054,3.0,2.0,292.3,394.6,8.8,1.09,61.9,5.6,3.8,5.6,3.55,24.5,93.5,45.2,2.29,6.76,4.6,38.3,5.03,8.2,23.9,36.9,13.5,26.9,34.4,44.5
Cincinnati Bengals,2055,10.0,11.0,397.7,334.4,6.4,1.063,88.5,7.38,4.02,3.7,4.54,33.0,80.3,55.2,2.81,6.69,4.3,30.3,4.11,7.5,30.8,37.7,9.9,30.8,38.1,46.1
Chicago Bears,2055,7.8,7.0,341.1,367.3,9.2,0.581,79.8,6.66,2.67,3.1,4.56,33.9,81.0,56.4,3.75,6.82,4.4,33.2,4.76,13.4,19.2,36.8,15.4,22.9,37.4,47.8
Seattle Seahawks,2055,7.7,6.0,364.1,329.6,7.0,1.293,74.7,6.6,2.16,6.1,4.92,40.0,92.7,50.3,1.78,7.43,8.7,24.8,4.22,6.5,17.8,38.9,12.1,25.5,36.0,46.6
Green Bay Packers,2055,12.0,15.0,389.2,336.4,9.0,0.768,95.7,7.47,2.59,4.8,5.1,49.0,76.3,56.9,2.33,6.56,5.0,31.9,4.15,15.5,19.4,34.7,13.8,21.6,35.2,45.0
Kansas City Chiefs,2055,11.3,13.0,326.6,323.2,7.1,0.934,80.1,6.03,3.28,5.6,4.47,38.2,69.8,62.9,3.05,6.09,4.2,30.5,4.2,16.4,24.8,35.0,9.9,22.7,39.1,46.2
New York (N) Giants,2055,7.9,7.0,444.3,376.6,11.0,0.725,93.1,7.8,2.31,3.7,5.32,36.4,97.5,44.1,1.91,7.01,3.7,36.4,4.92,6.2,19.2,38.3,16.8,28.3,32.2,43.6
Las Vegas Raiders,2055,9.1,8.0,334.8,317.1,7.9,0.767,80.1,6.07,2.57,4.9,4.81,35.0,73.8,67.1,3.06,6.43,5.9,30.2,4.06,18.8,23.9,31.9,8.4,21.2,36.3,44.0
San Francisco 49ers,2055,7.8,6.0,376.9,340.6,10.6,0.664,83.3,7.27,3.38,5.5,4.8,34.1,78.7,56.6,2.85,6.6,4.4,32.1,4.46,13.7,23.3,34.8,9.8,22.9,35.9,44.1
Indianapolis Colts,2055,8.9,8.0,330.7,346.8,8.4,0.858,74.2,6.19,2.32,6.3,4.63,35.3,79.3,58.3,3.45,6.62,4.8,26.7,3.61,8.6,25.3,37.2,12.3,25.6,38.3,48.1
Los Angeles (N) Rams,2055,5.9,6.0,264.3,338.2,10.3,0.718,74.7,5.65,2.13,7.4,3.96,27.2,74.4,55.6,3.16,6.36,4.0,29.8,4.29,10.9,27.6,36.8,6.9,27.8,38.3,45.4
Tampa Bay Buccaneers,2055,10.1,13.0,362.8,363.6,12.2,1.332,104.6,7.7,2.92,6.0,4.73,34.0,76.3,51.2,2.88,6.01,4.6,34.6,5.01,12.8,33.5,36.6,5.3,24.2,38.3,43.6
Miami Dolphins,2055,6.0,7.0,375.4,365.6,11.7,0.669,84.7,7.1,2.07,4.3,4.62,35.9,91.3,45.4,2.0,6.86,3.7,28.0,4.53,9.6,21.5,34.1,11.6,25.5,35.4,42.7
Atlanta Falcons,2055,10.2,10.0,376.3,336.7,9.9,0.449,86.9,6.96,2.83,4.9,4.2,28.8,80.7,52.8,2.6,6.67,5.9,30.2,4.54,14.1,23.5,36.9,10.8,23.5,38.3,46.8
Detroit Lions,2055,3.8,4.0,325.8,367.5,8.1,0.878,76.9,6.89,3.33,3.8,3.84,25.7,88.3,47.7,1.3,6.61,4.3,44.3,5.3,10.6,20.1,36.0,16.2,24.2,36.3,47.5
Philadelphia Eagles,2055,7.2,7.0,395.4,396.9,9.0,0.942,89.4,6.69,1.64,3.7,5.51,40.7,96.7,45.1,1.5,7.43,3.1,37.2,4.4,13.2,23.3,37.0,13.1,22.5,36.0,44.1
Jacksonville Jaguars,2055,3.0,2.0,282.1,333.4,11.9,1.025,60.4,4.85,3.18,5.7,4.15,28.8,89.6,46.9,1.61,6.83,4.0,25.5,3.82,14.4,25.2,34.2,12.3,25.2,37.4,45.6
New England Patriots,2055,8.1,8.0,344.9,387.1,12.5,0.957,80.0,6.16,2.28,5.2,4.92,33.0,80.6,53.2,2.61,6.54,2.3,31.3,4.86,17.2,30.6,32.3,8.7,22.3,36.7,45.4
Arizona Cardinals,2055,8.1,8.0,357.4,330.1,8.2,1.5,81.9,6.9,1.95,2.8,3.93,29.0,83.7,48.5,2.26,6.65,6.2,30.7,4.1,11.7,27.0,34.8,13.0,29.3,33.1,42.3
Buffalo Bills,2055,6.5,5.0,334.9,373.6,9.7,0.666,74.2,6.52,2.65,4.4,3.99,29.2,92.4,44.9,2.03,7.1,5.3,30.4,3.92,12.5,24.5,35.7,6.0,21.7,36.7,45.5
Washington Commanders,2055,10.4,8.0,337.1,357.4,11.0,1.224,92.6,7.15,1.52,4.4,4.14,35.7,76.3,59.3,2.39,6.09,3.7,34.0,4.31,18.4,30.8,34.0,10.6,20.1,36.6,46.6
Dallas Cowboys,2055,9.9,12.0,394.7,320.4,7.3,0.363,97.5,7.29,1.67,4.2,4.11,35.6,81.2,54.2,2.14,6.47,5.6,30.9,4.1,5.9,22.4,38.8,15.4,32.2,34.5,45.8
Minnesota Vikings,2055,8.4,9.0,304.9,385.8,11.4,0.771,69.8,5.42,1.9,5.8,4.6,33.3,78.1,53.2,3.14,6.72,3.3,32.4,4.32,11.2,27.3,36.5,9.3,20.6,38.9,47.1
Pittsburgh Steelers,2055,10.8,10.0,387.3,339.4,9.5,0.78,94.1,7.33,1.71,3.6,4.59,23.8,74.1,64.9,4.02,6.58,3.7,27.8,4.3,10.1,29.9,37.2,6.6,23.4,39.9,47.1
Tennessee Titans,2055,9.7,12.0,356.1,335.8,8.5,0.643,91.2,6.64,1.87,5.0,3.94,24.5,79.1,49.9,2.0,6.18,4.9,30.5,4.39,15.6,24.2,34.7,13.9,25.9,34.4,40.0
Carolina Panthers,2055,7.6,6.0,306.0,364.6,8.8,0.557,73.1,5.69,2.1,4.9,3.66,26.9,88.3,51.2,2.62,7.42,5.3,33.6,4.54,11.1,25.2,35.7,17.6,22.9,34.5,45.8
Denver Broncos,2055,6.9,5.0,339.9,330.8,9.9,0.761,79.7,6.64,3.83,4.6,3.7,27.9,75.3,58.9,2.72,6.04,4.5,33.1,4.39,10.6,28.0,37.6,10.8,24.9,36.2,43.7
Houston Texans,2055,5.0,6.0,296.7,341.9,9.9,1.162,65.0,5.47,2.66,4.8,3.97,26.6,75.9,53.9,3.52,6.5,6.1,29.7,4.31,11.6,25.0,36.3,11.4,25.9,34.2,41.2
Baltimore Ravens,2055,5.6,6.0,301.9,368.8,11.2,0.295,73.0,6.17,3.25,5.6,3.62,30.6,83.9,55.7,3.26,6.82,4.0,32.0,4.18,5.4,22.5,38.8,12.0,28.6,37.9,45.2
New Orleans Saints,2055,4.3,6.0,322.1,341.1,13.3,1.155,68.8,6.26,3.91,5.7,3.63,23.1,80.2,57.6,2.86,6.03,4.0,31.0,4.09,7.2,26.4,37.4,15.1,23.2,35.0,44.3
New York (A) Jets,2055,8.9,9.0,378.5,354.2,5.8,1.1,88.6,6.75,2.1,2.9,3.39,20.7,76.0,57.0,2.16,6.08,5.8,34.8,4.64,11.9,25.4,37.1,9.6,23.3,34.2,42.4
Cleveland Browns,2055,7.0,9.0,391.6,350.5,7.2,1.193,76.6,6.3,3.51,4.1,5.44,7.1,88.2,45.5,2.0,6.77,5.3,32.0,4.26,7.1,23.7,38.3,9.8,25.4,36.5,41.8
Los Angeles (A) Chargers,2055,8.0,8.0,365.3,351.5,7.7,0.911,82.4,7.07,3.13,3.8,3.13,17.8,78.7,58.2,3.41,6.22,5.6,34.7,4.45,6.0,17.4,39.8,14.5,24.5,33.4,42.6
Cincinnati Bengals,2056,12.0,14.0,400.3,341.3,4.5,0.365,101.6,7.89,2.09,6.9,5.08,41.5,77.1,60.7,3.11,7.05,5.1,35.9,4.46,10.4,20.3,33.7,10.5,22.9,34.2,44.2
Kansas City Chiefs,2056,12.1,12.0,324.1,281.9,6.2,1.042,93.8,6.69,1.92,5.4,4.28,36.3,73.4,50.2,3.52,6.16,8.3,27.1,4.06,14.8,30.3,35.0,14.7,22.4,37.5,46.5
Arizona Cardinals,2056,7.0,8.0,351.7,350.0,8.5,0.999,68.3,5.95,2.66,4.0,4.74,35.6,83.7,55.0,0.92,6.72,4.0,33.4,4.67,15.5,27.6,36.4,9.6,25.0,37.4,44.7
Las Vegas Raiders,2056,12.7,15.0,315.3,300.3,6.4,0.291,83.6,6.17,2.53,5.0,4.34,36.3,67.6,65.2,3.26,5.7,4.6,26.3,4.15,18.6,24.3,33.8,9.0,26.0,37.0,43.4
Seattle Seahawks,2056,11.0,11.0,339.1,281.3,8.4,1.0,76.6,5.92,3.15,5.8,4.63,37.7,77.2,61.1,2.5,6.55,7.0,23.3,3.23,10.0,23.0,37.6,13.0,26.8,38.8,48.6
Green Bay Packers,2056,11.7,11.0,368.6,273.2,10.2,0.713,76.7,6.47,2.46,3.9,4.47,41.7,66.1,64.4,3.78,5.62,5.3,25.8,3.86,15.3,22.9,37.3,14.2,24.4,36.0,45.1
Indianapolis Colts,2056,8.7,8.0,336.8,347.3,7.9,0.757,74.2,6.17,2.33,4.1,4.49,30.6,83.4,50.9,2.84,6.8,5.1,29.8,4.24,10.7,22.2,39.4,14.9,25.8,38.4,47.1
Los Angeles (N) Rams,2056,7.8,10.0,305.4,316.9,10.1,1.101,77.2,6.32,2.29,4.0,4.13,30.5,76.3,61.3,2.59,6.32,3.9,32.4,3.87,12.3,27.2,35.4,9.5,24.5,37.8,46.1
Miami Dolphins,2056,6.3,6.0,339.9,335.2,11.7,0.189,73.2,5.91,2.27,4.7,4.87,32.4,79.3,55.6,3.15,6.56,5.0,33.8,4.88,5.3,20.9,38.2,12.0,26.1,34.1,42.0
Chicago Bears,2056,9.1,8.0,354.1,359.8,12.1,0.488,89.5,6.82,1.86,5.4,4.82,34.2,84.8,53.2,2.47,6.88,4.9,33.9,4.84,14.8,21.0,34.8,14.1,23.8,38.6,47.9
Tampa Bay Buccaneers,2056,10.6,12.0,385.9,308.8,12.8,0.373,93.6,7.07,1.03,3.3,4.64,27.9,76.8,48.5,1.29,5.63,4.2,32.2,4.72,13.3,24.2,38.8,7.9,23.3,35.9,42.1
San Francisco 49ers,2056,6.2,5.0,341.4,367.8,10.4,0.696,82.7,7.37,3.88,2.9,4.03,31.2,98.2,48.2,1.86,7.37,4.3,33.0,4.44,11.7,24.1,34.5,11.8,25.3,35.9,45.5
Atlanta Falcons,2056,6.6,7.0,331.3,355.2,11.0,0.702,82.4,6.6,3.0,3.7,4.43,30.1,89.1,48.1,2.17,7.18,4.7,29.4,3.92,13.7,24.5,36.3,13.1,25.7,36.1,46.3
New England Patriots,2056,7.2,7.0,358.1,342.6,13.0,0.763,88.0,7.2,2.36,6.8,4.41,37.6,79.4,57.8,2.73,6.56,2.8,34.1,4.85,13.9,30.1,35.8,11.7,25.0,35.4,44.9
Minnesota Vikings,2056,6.1,6.0,301.9,329.1,13.4,0.934,59.4,5.38,3.44,6.6,4.4,31.2,71.8,60.9,2.88,5.75,4.6,31.3,4.65,13.6,24.8,35.0,10.2,23.5,38.3,47.3
New York (A) Jets,2056,8.5,8.0,368.6,343.8,6.7,1.065,81.8,6.54,2.52,5.6,5.48,30.6,80.1,54.5,1.8,6.06,3.0,31.8,4.51,13.3,26.7,35.9,9.3,23.0,34.1,40.9
Baltimore Ravens,2056,5.7,5.0,350.5,354.5,10.5,0.844,71.1,6.31,3.1,6.3,4.77,37.9,86.7,53.2,1.91,6.64,4.7,30.9,4.02,8.1,23.6,36.8,11.3,22.9,34.7,44.0
Denver Broncos,2056,6.6,5.0,302.1,308.4,9.7,0.784,71.1,6.12,3.75,5.4,3.95,24.3,77.0,57.2,2.5,5.93,6.6,32.0,4.16,10.0,23.5,36.9,11.1,25.6,36.6,45.6
New York (N) Giants,2056,7.9,8.0,402.4,369.3,10.6,0.568,94.9,8.03,3.1,3.0,4.12,32.4,87.3,44.8,1.45,6.33,3.9,37.7,4.77,4.5,17.3,39.1,14.2,25.0,36.2,46.8
Houston Texans,2056,4.2,6.0,320.6,321.0,11.3,1.082,65.6,5.38,2.98,3.3,4.09,29.8,82.0,55.7,2.22,6.55,6.7,27.7,4.17,9.9,23.9,37.8,13.2,23.7,35.5,43.8
Detroit Lions,2056,8.3,7.0,356.6,372.9,8.6,0.574,80.3,6.6,2.88,5.2,4.65,31.7,73.2,58.6,3.42,5.77,2.5,38.0,5.21,5.9,21.7,39.2,14.0,23.7,36.9,47.6
New Orleans Saints,2056,4.9,6.0,272.4,365.6,12.1,1.468,84.2,6.26,1.11,7.9,3.79,25.9,82.7,52.0,2.83,6.75,2.1,37.0,4.39,11.1,28.1,37.1,11.9,21.4,39.1,47.6
Washington Commanders,2056,7.9,9.0,318.4,376.0,9.8,0.596,91.7,6.46,0.91,5.5,4.07,31.3,86.6,54.6,2.44,6.85,5.2,30.8,4.04,13.1,25.7,36.4,7.3,24.7,36.2,41.4
Philadelphia Eagles,2056,9.8,10.0,360.5,347.3,8.4,1.101,83.7,6.21,1.93,3.6,4.41,35.3,81.1,57.0,2.46,6.4,4.7,29.8,3.7,15.0,26.7,35.6,7.8,21.6,38.1,44.2
Jacksonville Jaguars,2056,2.6,3.0,286.4,347.2,13.4,1.185,62.6,5.93,4.47,9.0,4.06,26.0,88.4,53.8,2.09,6.91,3.4,27.7,3.56,17.4,29.8,35.0,13.6,23.6,36.2,45.6
Buffalo Bills,2056,5.8,4.0,272.4,329.0,8.8,0.74,62.4,5.65,3.59,4.9,4.01,25.6,72.0,59.0,3.24,6.04,8.5,34.8,4.56,15.0,24.5,36.8,12.4,22.4,37.0,44.1
Tennessee Titans,2056,12.0,14.0,363.5,311.8,6.9,0.551,83.8,6.42,1.76,2.8,3.99,28.2,70.0,61.8,3.1,5.89,6.8,30.1,4.32,12.0,22.5,36.6,10.9,25.0,34.6,41.2
Dallas Cowboys,2056,7.9,6.0,373.9,392.9,9.5,0.842,92.0,6.89,1.49,3.0,3.95,34.0,93.6,45.5,2.68,7.77,3.4,33.0,4.03,8.5,22.3,38.3,13.5,26.5,37.4,47.9
Pittsburgh Steelers,2056,11.0,11.0,383.7,393.8,7.2,0.786,103.7,7.53,0.77,3.6,4.06,28.5,84.2,51.8,2.21,6.74,4.8,32.8,5.02,11.2,31.2,35.0,5.5,20.9,39.3,44.3
Carolina Panthers,2056,2.6,2.0,275.6,376.3,10.0,0.926,67.9,5.71,3.0,5.1,3.44,27.4,84.4,59.7,2.55,6.53,5.2,34.2,4.91,11.0,28.6,35.6,15.1,27.5,36.4,45.4
Los Angeles (A) Chargers,2056,5.1,5.0,314.4,338.6,7.5,0.972,70.4,5.71,3.86,3.7,3.64,17.3,79.6,56.9,2.74,6.0,3.5,34.3,4.06,5.3,20.3,38.4,15.3,27.3,34.3,44.2
Cleveland Browns,2056,8.4,7.0,425.9,362.7,7.9,1.644,87.4,7.03,2.63,4.4,3.96,3.0,77.4,61.7,2.58,6.39,4.5,36.6,4.74,8.7,21.0,36.7,11.3,30.7,33.0,41.4
Atlanta Falcons,2057,10.9,10.0,379.1,288.1,7.1,0.995,89.1,6.53,2.09,4.0,5.03,34.4,77.0,57.2,3.24,6.31,3.7,28.1,3.84,7.1,22.3,40.2,9.8,23.8,33.5,42.6
Kansas City Chiefs,2057,11.8,11.0,356.9,334.6,7.4,0.575,98.5,7.47,2.9,2.8,4.53,35.1,80.6,59.4,2.69,6.82,5.1,25.6,3.55,17.5,28.6,32.8,6.1,20.6,41.1,47.5
Seattle Seahawks,2057,8.8,10.0,359.7,327.6,8.6,0.665,81.9,6.89,3.31,4.7,4.7,34.6,86.2,52.8,1.89,7.26,6.2,25.4,3.73,8.6,26.2,37.8,13.9,25.9,37.0,47.5
Chicago Bears,2057,8.9,11.0,314.6,326.7,11.8,0.402,89.3,6.79,1.51,8.3,4.54,34.3,75.4,59.2,2.8,6.08,3.4,33.0,4.37,16.7,23.3,35.8,14.9,24.3,37.7,47.1
Las Vegas Raiders,2057,11.7,12.0,334.4,336.3,6.3,0.581,100.9,7.14,2.48,8.3,4.41,36.1,64.4,74.7,4.59,6.26,3.2,27.7,4.17,14.4,21.5,33.6,9.9,22.0,35.1,42.7
Cincinnati Bengals,2057,9.2,9.0,394.3,338.1,7.6,0.989,88.8,7.14,2.7,5.1,4.7,40.5,82.5,56.7,2.37,6.55,4.2,29.7,4.12,10.1,23.1,36.7,10.0,27.5,37.8,44.5
Houston Texans,2057,6.6,8.0,310.1,350.0,9.5,1.066,63.9,5.44,3.2,5.7,4.82,33.5,92.2,42.9,1.33,6.78,5.9,28.1,4.23,12.1,27.6,33.3,13.4,23.3,36.4,44.3
Los Angeles (N) Rams,2057,8.7,10.0,319.7,311.7,10.5,1.211,78.3,6.38,2.52,5.6,4.55,27.1,72.5,60.8,3.29,5.94,3.7,25.2,3.9,15.3,27.3,36.4,9.4,25.3,38.1,45.4
Green Bay Packers,2057,9.2,8.0,363.8,322.6,11.9,0.746,73.2,6.44,2.57,3.2,4.59,36.8,76.7,59.5,2.5,6.06,6.3,29.0,4.01,12.4,23.6,36.3,12.3,26.4,36.7,45.1
Detroit Lions,2057,7.1,4.0,331.4,345.9,9.3,0.861,77.7,6.47,3.36,3.9,4.06,30.7,75.1,66.3,3.92,6.31,4.2,35.7,4.69,4.8,21.9,38.0,15.9,27.3,35.6,47.9
Denver Broncos,2057,7.3,7.0,360.3,323.4,9.4,0.278,77.1,6.7,2.55,3.9,4.22,25.8,86.1,58.9,2.4,6.63,5.2,31.5,3.85,9.9,22.2,36.7,9.8,27.8,38.7,46.3
Arizona Cardinals,2057,7.6,8.0,314.6,355.7,10.5,0.779,79.0,6.32,1.74,4.6,3.94,28.5,81.4,63.8,3.17,6.79,3.4,29.2,3.86,14.1,29.5,33.9,8.3,21.9,37.1,45.1
Philadelphia Eagles,2057,7.6,8.0,372.9,360.5,8.8,0.917,81.4,6.6,2.18,3.7,4.48,34.1,81.6,58.3,2.02,6.44,4.2,32.7,4.61,15.0,25.3,37.5,13.4,23.2,36.2,44.1
New England Patriots,2057,9.0,8.0,320.5,329.1,13.2,0.393,80.7,6.25,1.97,4.5,4.16,33.6,77.6,51.9,2.2,6.02,4.2,32.2,4.32,9.8,30.2,37.7,7.8,26.7,39.4,46.9
New Orleans Saints,2057,9.7,7.0,283.9,335.2,9.9,1.122,78.0,6.27,2.81,4.7,3.64,28.7,67.0,63.3,3.08,5.96,4.6,32.6,3.85,15.9,29.4,33.9,8.1,24.3,40.6,47.7
Jacksonville Jaguars,2057,5.5,4.0,296.7,365.6,12.9,0.62,77.1,6.03,2.73,3.8,4.09,32.0,85.6,54.3,2.6,6.83,3.8,28.8,4.41,18.4,25.7,33.0,9.2,22.5,36.4,44.8
New York (A) Jets,2057,8.9,10.0,357.0,358.8,6.9,0.59,87.9,6.82,2.81,4.7,4.64,26.4,84.9,48.7,2.57,6.51,5.3,33.8,4.51,13.7,25.6,35.6,13.5,24.2,35.4,42.0
Dallas Cowboys,2057,9.0,11.0,356.5,350.1,8.0,0.364,83.7,6.56,1.92,3.7,3.9,31.8,79.6,62.6,2.69,6.67,5.2,28.6,3.9,14.3,21.2,37.9,10.8,24.7,36.5,45.5
Miami Dolphins,2057,3.3,2.0,280.3,369.7,8.9,0.499,76.0,5.68,1.96,4.8,3.74,26.0,91.8,44.8,1.5,6.9,4.6,32.7,4.21,7.3,21.4,36.9,14.0,25.7,35.1,44.0
San Francisco 49ers,2057,6.9,8.0,325.4,303.4,10.5,0.472,67.4,6.25,5.36,3.7,3.74,27.8,80.7,54.7,1.5,6.17,3.6,22.8,3.7,12.4,22.8,37.3,13.8,26.2,34.4,44.7
Tennessee Titans,2057,10.5,11.0,396.9,333.8,7.3,1.165,96.7,7.06,0.86,4.0,4.21,25.3,75.9,63.7,2.81,6.35,4.8,27.3,4.48,10.4,24.3,35.1,13.3,24.8,32.4,40.3
Buffalo Bills,2057,6.5,7.0,371.7,332.1,9.4,0.446,61.8,6.18,3.96,4.6,4.65,30.3,76.0,54.4,2.24,5.78,4.8,34.5,4.6,14.5,26.3,37.0,10.5,26.2,35.4,43.3
Washington Commanders,2057,8.5,8.0,329.9,364.3,8.3,0.486,84.5,6.87,2.7,5.1,3.71,30.5,81.6,55.0,2.13,6.44,3.8,30.2,4.59,16.1,30.2,35.1,8.3,21.2,38.5,46.1
Indianapolis Colts,2057,7.5,6.0,320.8,305.6,8.6,0.766,80.2,6.33,2.56,5.3,3.81,26.4,71.5,61.1,3.01,5.95,5.4,27.7,3.94,5.3,21.9,41.1,15.1,29.7,33.9,41.6
Tampa Bay Buccaneers,2057,8.1,8.0,393.6,344.3,12.1,0.624,75.0,6.94,2.73,3.3,4.0,34.2,82.4,53.0,2.27,6.55,3.5,32.4,4.15,10.0,25.5,37.3,14.0,23.3,35.2,40.8
New York (N) Giants,2057,6.3,9.0,361.5,358.5,9.3,0.746,85.7,7.11,1.94,3.0,3.48,25.0,88.6,57.5,2.91,7.2,4.2,33.5,4.57,4.2,19.3,39.7,18.3,27.1,34.0,42.2
Pittsburgh Steelers,2057,8.3,10.0,430.1,393.5,8.3,0.648,93.3,7.57,2.57,4.3,4.8,30.2,76.4,54.3,2.84,6.83,5.0,29.9,5.09,6.6,26.3,38.5,13.5,24.7,36.7,47.0
Minnesota Vikings,2057,5.8,5.0,297.9,375.4,11.3,0.679,70.0,5.74,2.44,6.1,3.92,28.8,89.3,46.4,2.46,7.26,5.3,29.3,4.24,15.9,29.5,34.4,9.3,20.1,38.9,46.7
Baltimore Ravens,2057,4.8,4.0,308.6,390.2,11.9,0.29,69.4,5.63,2.63,3.6,3.94,27.0,88.8,50.9,2.78,7.09,5.0,36.2,4.76,5.0,24.8,37.1,9.3,23.0,36.9,43.8
Carolina Panthers,2057,5.0,5.0,305.6,356.2,11.5,0.674,75.4,5.63,2.17,5.3,4.03,28.8,87.4,49.7,1.87,6.79,4.1,32.3,4.4,12.6,21.4,35.2,9.8,28.9,38.8,46.6
Los Angeles (A) Chargers,2057,6.8,8.0,380.3,387.7,7.7,0.381,85.1,6.58,2.83,4.9,5.26,21.1,88.9,53.5,2.51,6.64,4.6,36.4,4.81,5.9,21.5,36.8,16.8,25.9,32.6,43.2
Cleveland Browns,2057,9.3,8.0,403.6,358.4,6.3,0.644,85.2,6.83,3.03,4.4,4.33,3.7,79.8,62.7,3.07,6.58,4.9,34.7,4.77,9.9,24.5,36.9,10.9,23.4,31.3,39.4
San Francisco 49ers,2058,8.7,9.0,357.9,342.9,10.7,0.576,81.0,6.64,1.53,4.8,5.07,33.0,76.6,59.5,2.65,6.45,2.9,31.3,4.68,10.4,23.2,38.0,13.1,24.8,34.3,44.6
Cincinnati Bengals,2058,10.9,11.0,409.3,337.4,6.5,0.65,90.1,7.92,4.09,5.4,5.06,44.6,80.0,57.5,3.04,6.78,3.3,22.9,3.71,9.2,23.7,36.3,10.0,26.5,36.3,44.2
Los Angeles (N) Rams,2058,8.2,9.0,325.4,335.2,7.6,1.403,81.4,6.54,3.37,7.3,4.88,31.3,80.6,53.9,2.15,6.45,5.6,29.9,4.55,12.3,24.8,37.2,12.3,24.9,37.8,45.3
Houston Texans,2058,11.2,10.0,325.6,323.3,9.1,0.398,82.2,6.77,2.47,4.5,4.43,27.8,69.2,60.6,2.99,6.02,5.3,33.1,4.32,15.2,29.3,35.7,8.3,23.7,35.4,43.0
Green Bay Packers,2058,8.5,8.0,361.9,320.6,11.8,1.193,71.8,5.82,2.95,2.7,5.09,41.0,74.0,57.2,2.94,5.98,7.3,31.8,4.36,12.1,20.6,37.0,14.8,24.6,36.9,46.4
Atlanta Falcons,2058,9.0,8.0,391.3,353.0,11.8,0.475,89.6,7.74,3.59,3.6,4.72,28.9,77.8,63.4,3.71,6.47,4.0,32.9,4.54,7.1,25.7,40.1,8.8,25.5,35.0,42.1
Kansas City Chiefs,2058,10.4,11.0,294.3,321.0,9.1,1.1,86.6,6.32,2.06,7.6,4.21,33.1,77.1,50.0,2.91,6.23,5.0,27.9,4.25,17.8,29.4,30.3,9.0,24.0,36.6,44.2
Seattle Seahawks,2058,5.4,6.0,347.6,359.3,10.2,1.476,84.3,6.48,2.75,6.1,5.14,36.4,95.8,41.0,1.12,7.3,4.1,30.4,4.04,13.9,22.5,36.9,14.3,25.9,38.5,50.3
Denver Broncos,2058,10.9,9.0,377.9,329.3,8.6,0.978,95.7,7.35,2.15,3.6,4.85,32.5,85.2,48.1,2.06,6.81,6.2,29.6,4.11,14.2,29.2,37.1,11.4,24.5,38.9,47.2
Las Vegas Raiders,2058,11.1,11.0,362.9,307.7,7.2,0.651,95.2,7.19,1.79,6.8,4.45,34.0,75.6,54.2,2.88,6.16,6.0,36.3,4.71,13.0,22.8,34.3,12.2,24.1,34.4,42.3
New England Patriots,2058,5.3,5.0,331.2,365.0,12.9,0.996,66.5,5.36,2.6,4.5,4.74,33.4,85.8,55.9,2.28,6.94,6.1,31.3,4.37,13.6,29.3,35.1,6.9,21.3,39.4,46.9
Arizona Cardinals,2058,6.1,6.0,362.8,318.9,8.7,1.007,80.1,6.33,1.87,3.6,4.62,32.6,90.1,45.3,1.63,6.83,6.8,29.8,4.23,14.0,25.1,35.5,14.7,26.1,30.4,41.8
Chicago Bears,2058,9.3,10.0,322.9,335.9,11.7,0.875,83.7,6.29,1.96,5.2,4.33,31.8,74.5,61.0,3.63,6.52,5.9,33.2,4.66,11.5,25.2,36.4,12.6,24.1,37.4,45.5
Jacksonville Jaguars,2058,5.7,5.0,299.9,345.5,9.8,0.566,69.3,5.27,2.57,4.2,4.23,31.4,84.5,58.2,1.93,6.56,3.2,29.8,4.13,17.0,25.5,32.4,9.9,24.3,37.0,44.5
Buffalo Bills,2058,10.4,12.0,444.9,385.0,8.2,0.894,93.1,7.78,2.23,2.5,4.68,37.1,89.3,46.3,1.66,6.85,4.1,34.3,4.58,12.7,26.3,37.7,10.4,24.4,34.3,42.1
New Orleans Saints,2058,6.6,6.0,313.3,369.0,13.6,1.127,85.1,6.73,1.87,4.6,4.03,23.1,81.4,60.0,2.99,6.94,4.7,30.8,4.26,13.8,28.2,36.1,8.5,22.4,38.9,47.1
Tennessee Titans,2058,9.8,12.0,381.2,358.7,5.8,0.458,97.0,6.76,0.77,4.4,4.55,29.9,86.3,60.2,2.82,7.17,5.2,28.7,3.9,12.6,22.7,34.1,14.7,27.1,34.2,41.0
New York (A) Jets,2058,8.7,8.0,391.1,356.5,6.6,0.984,80.6,7.21,3.76,4.6,5.34,30.5,81.2,57.9,2.28,6.34,5.7,32.0,4.63,12.5,25.2,36.0,12.6,26.7,34.9,43.0
Washington Commanders,2058,6.8,8.0,311.1,355.6,9.1,0.803,77.6,6.08,2.17,6.3,4.5,33.1,85.2,53.2,1.85,6.55,5.0,30.7,4.19,17.8,29.1,35.4,9.7,24.0,36.2,44.9
Miami Dolphins,2058,5.3,5.0,286.4,408.8,5.1,0.78,64.8,5.7,3.73,6.6,3.87,27.1,75.7,70.7,3.47,6.63,2.5,36.8,4.95,10.3,29.2,36.0,16.3,25.6,36.3,45.5
Baltimore Ravens,2058,3.2,5.0,322.6,371.9,9.2,0.645,60.5,5.37,3.59,4.2,4.49,35.1,88.3,61.6,2.71,6.67,4.7,34.3,4.64,5.4,20.0,40.5,11.0,24.5,37.2,45.5
Tampa Bay Buccaneers,2058,11.8,13.0,373.3,329.4,10.5,0.716,77.1,6.78,1.95,4.0,3.96,30.3,71.2,55.8,2.69,6.12,4.3,28.6,4.35,13.6,25.7,33.0,7.9,21.8,38.9,44.1
Philadelphia Eagles,2058,8.9,10.0,371.3,388.9,7.7,0.359,86.2,6.35,2.31,2.9,4.16,34.0,79.1,66.8,4.35,7.03,3.9,35.0,4.97,15.8,26.7,35.3,13.8,25.9,34.4,44.1
New York (N) Giants,2058,4.7,4.0,356.8,351.6,11.7,0.296,78.1,7.35,3.41,5.6,4.12,30.9,89.2,38.3,1.16,6.53,3.7,32.2,3.98,4.4,19.6,39.1,17.5,27.3,31.8,41.0
Detroit Lions,2058,7.0,5.0,336.2,366.6,10.2,0.479,81.5,6.14,1.97,4.5,4.37,37.0,82.2,59.3,1.8,6.52,3.9,37.6,4.63,7.9,24.0,37.4,17.2,31.5,34.4,46.5
Minnesota Vikings,2058,5.1,6.0,306.9,373.4,10.7,1.051,76.9,6.43,2.61,10.0,3.77,32.4,86.7,54.5,3.1,6.97,3.4,34.2,4.88,16.9,25.9,33.4,12.4,22.0,36.4,45.8
Pittsburgh Steelers,2058,12.0,12.0,390.4,339.8,7.4,0.569,98.1,7.76,2.46,3.7,3.54,25.3,66.9,65.3,4.29,5.88,5.1,34.9,4.88,12.6,26.5,33.9,11.1,23.8,38.8,48.1
Los Angeles (A) Chargers,2058,6.0,7.0,347.3,386.0,7.3,0.887,83.4,6.55,2.31,4.0,4.04,20.1,87.0,50.0,2.12,6.52,6.2,32.9,5.59,5.6,20.2,35.5,16.1,29.9,36.1,47.7
Indianapolis Colts,2058,1.9,2.0,283.3,345.4,12.2,0.768,57.5,5.52,4.42,6.2,3.41,28.9,94.9,53.1,1.73,6.85,5.7,23.4,3.77,8.4,23.4,36.8,15.2,25.9,31.0,40.4
Carolina Panthers,2058,6.1,4.0,281.2,375.8,8.0,0.791,72.0,5.22,2.68,5.1,3.86,25.6,81.3,57.0,2.17,6.67,4.3,32.0,4.54,10.3,24.7,36.3,9.8,23.3,38.2,46.2
Dallas Cowboys,2058,12.0,12.0,440.6,328.5,8.8,0.449,91.1,7.39,2.48,2.9,3.32,25.7,76.6,56.7,3.19,6.26,5.3,31.2,4.03,14.1,25.4,36.1,10.1,23.9,39.7,49.2
Cleveland Browns,2058,8.6,7.0,431.8,354.8,6.1,0.973,86.6,6.93,2.87,4.8,4.53,2.1,78.6,67.6,2.54,6.21,5.0,34.0,4.59,6.6,25.3,39.8,9.5,26.5,34.5,41.8
Houston Texans,2059,11.0,13.0,391.7,323.0,8.2,0.364,85.3,6.9,2.06,4.2,5.23,37.4,76.6,68.0,3.25,6.62,4.0,29.2,3.48,11.6,27.7,35.6,13.0,24.1,33.0,42.8
Green Bay Packers,2059,12.0,12.0,406.8,314.4,10.1,0.833,84.5,7.15,2.72,2.8,5.31,39.6,83.6,49.3,2.85,6.85,7.4,28.3,4.22,13.6,24.1,35.2,15.3,25.7,38.7,48.2
Las Vegas Raiders,2059,10.4,11.0,396.5,343.2,6.9,0.652,97.1,7.2,1.96,4.5,5.22,39.4,83.7,54.7,2.59,6.65,4.5,29.8,4.23,16.4,23.0,35.6,11.0,29.0,36.9,44.5
Los Angeles (N) Rams,2059,8.9,7.0,356.3,354.1,8.5,0.694,91.1,7.21,3.42,5.4,4.89,32.5,84.3,63.2,3.17,6.9,4.7,36.3,4.57,16.6,21.4,35.6,11.6,23.6,37.2,45.5
Cincinnati Bengals,2059,8.3,9.0,422.9,405.8,7.4,0.754,95.8,8.21,2.08,4.2,5.04,42.0,92.9,55.6,1.71,7.36,3.6,37.4,4.66,6.8,26.9,39.5,15.7,26.5,33.8,42.2
Atlanta Falcons,2059,8.2,7.0,331.4,314.6,9.7,1.162,82.3,6.09,1.89,4.2,4.75,32.9,75.6,69.8,3.75,6.49,5.7,32.2,3.94,11.3,28.4,35.9,16.7,23.7,33.1,43.3
Seattle Seahawks,2059,7.9,10.0,333.6,360.1,8.1,0.577,78.6,6.49,3.46,6.7,4.58,33.9,80.8,54.8,1.68,6.7,5.1,31.7,4.66,12.1,20.5,36.9,10.3,26.6,39.2,49.0
Jacksonville Jaguars,2059,6.5,6.0,308.9,342.4,9.5,0.658,65.7,5.09,2.33,5.9,4.89,34.7,80.3,63.4,2.18,6.95,4.2,27.3,3.92,13.0,27.3,35.3,12.8,27.6,37.8,47.3
Denver Broncos,2059,10.7,12.0,400.9,340.6,9.9,0.558,92.7,7.36,2.38,3.3,4.75,34.8,86.6,44.2,1.86,6.54,5.1,32.7,4.47,11.7,28.7,37.7,11.3,25.6,38.1,45.3
Chicago Bears,2059,6.0,8.0,313.3,352.8,11.1,0.789,66.0,5.63,2.81,5.0,4.79,37.3,84.4,50.6,2.4,6.62,3.9,35.4,4.82,10.5,27.0,35.5,17.9,23.8,34.9,46.2
New Orleans Saints,2059,5.4,6.0,270.6,326.7,12.5,0.929,78.9,6.51,3.67,5.9,3.65,24.8,80.6,51.2,2.72,6.08,4.8,33.7,4.66,12.3,25.3,35.6,10.8,24.7,37.0,46.4
New York (A) Jets,2059,8.3,8.0,425.0,381.3,6.6,0.457,79.5,7.01,3.75,4.1,5.68,37.5,83.7,58.0,2.33,6.83,3.6,34.6,4.24,10.3,21.5,36.5,11.0,25.4,35.2,43.0
Arizona Cardinals,2059,7.2,5.0,357.8,368.9,9.2,0.772,89.3,7.07,1.61,5.6,4.46,27.7,88.6,49.8,2.84,7.04,4.5,34.0,4.31,15.7,26.3,33.8,9.6,28.0,35.3,42.7
Kansas City Chiefs,2059,9.8,10.0,347.9,358.4,7.8,0.68,91.1,6.61,3.11,5.5,4.68,39.3,81.6,59.6,2.79,6.71,4.7,29.5,4.27,15.5,27.9,33.9,10.0,24.1,40.6,48.5
Buffalo Bills,2059,8.9,9.0,397.3,387.3,9.4,0.662,92.0,7.37,3.07,4.0,4.72,33.9,88.9,50.7,2.72,7.08,5.7,35.7,5.12,9.5,25.0,36.9,9.4,23.0,37.1,44.0
San Francisco 49ers,2059,3.1,2.0,329.0,374.6,11.8,1.291,71.9,6.6,3.14,7.2,4.58,30.7,100.7,46.6,1.29,7.79,3.9,24.9,3.86,11.7,26.5,37.2,13.5,26.7,35.8,45.9
New York (N) Giants,2059,6.2,6.0,389.9,325.6,10.3,1.438,79.9,7.18,3.79,4.1,4.08,29.4,86.4,47.6,1.79,6.24,4.4,33.2,3.99,4.7,19.1,38.9,15.6,27.5,33.5,41.8
Tampa Bay Buccaneers,2059,9.4,10.0,392.8,338.9,13.1,1.039,82.9,7.67,2.95,3.9,4.15,29.5,76.4,55.9,2.3,6.11,4.8,30.5,4.38,14.3,23.1,34.7,9.6,25.6,36.9,42.5
New England Patriots,2059,4.9,6.0,297.7,413.9,12.6,0.596,75.5,5.67,1.55,6.8,4.52,26.8,84.4,59.6,3.58,7.43,4.0,34.9,4.65,10.1,26.6,36.8,7.6,21.5,41.1,47.8
Tennessee Titans,2059,10.3,10.0,385.3,353.4,6.4,0.37,86.7,6.88,2.96,4.2,4.5,30.2,75.0,62.1,3.47,6.81,4.8,28.2,3.96,11.8,27.6,36.3,8.7,28.7,35.1,40.7
Miami Dolphins,2059,5.4,4.0,353.6,393.6,5.1,0.855,79.0,7.21,2.96,4.0,3.66,30.8,85.2,54.7,3.7,7.1,4.0,35.9,4.77,5.4,25.7,39.9,14.3,30.1,36.7,43.0
Philadelphia Eagles,2059,8.4,6.0,384.6,360.6,7.2,0.628,87.4,6.57,1.81,3.6,4.35,32.1,89.6,49.4,2.64,7.02,4.0,28.4,4.37,15.6,25.6,37.2,16.3,25.1,36.5,44.9
Indianapolis Colts,2059,5.2,5.0,309.6,368.0,10.4,0.893,79.5,6.8,3.4,4.8,3.37,25.3,87.5,56.8,2.61,7.2,5.8,33.3,4.79,11.3,23.0,33.5,8.7,26.3,35.7,41.0
Baltimore Ravens,2059,5.6,4.0,346.4,380.4,11.1,0.282,74.7,6.3,2.74,2.9,3.9,32.8,94.8,44.6,1.96,7.29,3.9,29.1,4.58,8.7,22.8,37.4,9.7,26.0,38.7,45.2
Washington Commanders,2059,8.8,10.0,316.9,372.3,7.3,0.477,86.8,6.36,2.5,3.5,3.25,24.8,88.1,45.6,2.61,7.12,3.6,23.2,4.25,13.1,29.2,36.5,7.1,21.6,41.5,47.1
Carolina Panthers,2059,6.7,7.0,326.7,384.9,11.2,0.597,78.5,6.22,2.28,5.2,4.4,31.4,82.4,52.3,2.45,6.76,4.3,34.0,4.76,16.6,24.3,34.4,13.3,24.7,34.0,44.5
Detroit Lions,2059,6.1,4.0,332.3,365.1,8.1,0.684,87.0,6.57,2.48,6.9,4.11,29.7,87.1,50.2,2.05,6.91,2.9,34.1,4.46,10.8,22.8,35.3,14.3,24.4,33.2,41.8
Minnesota Vikings,2059,3.6,6.0,303.0,347.4,11.8,0.573,73.0,6.17,2.65,5.8,3.32,22.5,81.0,50.5,3.2,6.3,5.1,35.1,4.83,14.8,26.3,36.7,10.8,22.8,36.4,44.6
Dallas Cowboys,2059,11.2,14.0,436.8,398.1,5.5,0.371,96.8,7.37,2.28,2.5,4.85,31.8,79.8,67.3,2.99,6.9,4.6,32.2,4.97,13.1,26.5,38.1,9.7,24.0,37.9,47.7
Los Angeles (A) Chargers,2059,6.1,6.0,340.0,355.0,8.6,0.984,82.0,6.75,2.83,3.5,3.54,28.5,81.1,63.7,3.01,6.4,5.5,36.7,4.84,11.2,23.8,37.3,16.9,26.5,33.4,45.3
Pittsburgh Steelers,2059,12.9,15.0,443.4,342.8,9.3,0.367,101.5,8.2,1.76,3.4,3.63,24.5,76.4,60.8,2.7,6.27,5.6,33.2,4.48,13.8,26.8,36.0,12.7,22.3,36.5,46.7
Cleveland Browns,2059,7.2,9.0,357.8,358.4,7.1,1.192,87.9,6.99,1.94,4.2,3.45,24.0,84.0,51.7,2.33,6.95,3.3,31.1,4.21,7.9,24.1,37.6,10.3,24.4,33.1,39.2
Houston Texans,2060,9.1,10.0,351.1,318.3,7.2,0.185,73.7,6.45,3.64,5.1,4.9,39.4,80.0,57.6,2.86,6.29,4.0,33.9,4.79,13.4,24.4,36.8,13.7,24.1,34.4,44.0
San Francisco 49ers,2060,9.1,11.0,356.0,324.9,12.4,0.589,73.5,6.93,3.82,3.7,4.91,31.5,72.6,65.6,3.33,6.47,5.1,30.6,4.41,9.1,24.2,38.4,11.7,26.7,37.2,45.4
Green Bay Packers,2060,10.4,11.0,364.5,317.3,9.7,0.856,74.8,6.47,3.1,3.6,5.11,41.5,75.2,58.9,3.75,6.32,5.2,29.9,4.66,12.3,23.7,37.7,13.5,24.3,36.5,45.8
Atlanta Falcons,2060,9.9,10.0,370.2,340.6,8.9,0.66,92.5,7.53,2.44,4.4,4.52,35.7,77.7,57.1,3.73,6.82,5.9,33.2,4.57,13.8,25.4,36.1,14.6,25.4,35.7,46.4
Seattle Seahawks,2060,10.2,11.0,350.1,320.4,8.8,0.986,89.5,7.24,2.44,5.6,4.66,34.5,72.1,60.3,3.17,6.0,6.0,32.1,4.74,7.5,19.7,38.0,15.2,30.7,37.9,49.4
Chicago Bears,2060,9.7,8.0,347.4,352.1,12.2,0.664,75.7,6.39,3.29,5.8,4.84,35.7,79.6,60.8,2.31,7.01,7.1,33.8,4.31,14.2,22.6,33.7,8.7,23.1,35.2,41.5
Carolina Panthers,2060,9.0,12.0,375.4,361.4,8.8,1.024,90.5,7.28,1.91,5.1,4.56,29.6,77.5,60.6,2.49,6.44,3.6,33.7,4.57,17.7,23.2,34.3,14.9,27.2,31.7,41.7
Arizona Cardinals,2060,7.2,7.0,320.3,333.7,9.6,0.968,67.3,5.54,3.26,4.4,4.89,35.7,89.9,47.1,2.06,7.03,7.3,33.8,4.28,13.9,23.9,35.3,13.3,26.0,34.9,43.5
Kansas City Chiefs,2060,8.7,8.0,306.8,331.6,8.2,1.046,62.2,5.28,3.82,5.6,4.69,34.6,81.5,45.8,1.66,6.58,4.4,26.0,3.74,18.0,29.2,32.5,8.0,20.0,36.9,45.2
Denver Broncos,2060,10.9,10.0,372.9,313.0,9.3,0.463,78.4,6.46,2.74,2.3,4.71,33.2,72.7,58.2,3.33,6.27,6.7,29.6,3.82,14.9,27.4,34.8,10.5,21.3,36.9,45.8
New England Patriots,2060,6.5,7.0,283.9,324.6,12.4,0.956,66.0,5.22,2.7,6.0,4.19,27.4,66.9,74.3,4.65,6.22,7.9,30.5,4.74,14.1,33.2,33.1,8.2,22.8,37.6,45.6
Tennessee Titans,2060,8.5,8.0,365.0,332.3,6.2,1.345,85.9,6.7,1.73,8.0,4.59,32.6,81.3,57.5,2.47,6.75,6.4,26.9,4.27,8.9,22.3,37.3,13.2,24.9,32.9,40.8
Los Angeles (N) Rams,2060,8.5,6.0,288.6,329.3,6.3,0.698,80.1,6.03,1.58,7.1,4.12,26.5,68.6,65.9,2.66,5.76,4.7,32.8,4.84,15.7,26.5,35.0,11.4,24.9,36.4,43.9
Philadelphia Eagles,2060,9.9,11.0,373.1,377.8,8.5,0.642,96.8,6.99,1.07,1.9,4.11,35.4,84.4,55.4,2.23,6.82,3.2,28.7,4.5,16.4,29.4,35.5,12.8,23.5,37.9,48.6
Las Vegas Raiders,2060,10.2,11.0,329.0,326.1,8.2,0.838,84.0,6.15,2.25,4.8,4.16,34.9,69.3,72.5,3.11,5.71,5.2,32.7,4.56,12.7,28.4,37.7,10.1,23.9,38.9,45.0
Miami Dolphins,2060,4.0,4.0,287.9,353.9,6.4,0.772,66.0,5.58,4.02,5.6,3.98,26.5,83.0,57.8,2.74,6.65,4.9,31.0,4.94,11.5,25.9,34.9,11.0,26.5,37.0,45.5
Cincinnati Bengals,2060,7.1,6.0,357.1,376.4,8.9,0.47,75.6,6.92,2.71,5.0,4.26,31.3,84.5,57.9,2.9,6.92,4.4,32.5,4.72,6.9,24.8,38.6,13.7,30.7,36.4,47.4
New York (A) Jets,2060,11.9,13.0,435.3,326.5,7.6,0.586,99.0,8.15,2.3,3.7,5.18,32.6,72.4,61.7,2.63,5.66,4.8,34.7,4.89,9.1,26.6,35.9,8.0,23.9,35.7,42.5
Pittsburgh Steelers,2060,10.2,11.0,397.3,360.6,9.6,0.757,96.0,7.27,1.86,2.7,4.52,29.1,83.5,56.8,2.83,6.75,3.9,30.6,4.39,19.8,23.8,32.5,13.3,24.3,38.9,48.4
Jacksonville Jaguars,2060,6.0,5.0,268.1,359.6,12.0,0.791,68.3,4.87,2.3,5.8,4.33,35.5,77.1,63.0,3.87,6.62,4.5,28.5,4.25,16.8,26.7,33.6,10.7,27.5,36.8,46.8
Washington Commanders,2060,8.3,8.0,348.1,377.0,8.7,0.772,84.6,6.55,2.74,4.2,4.3,31.1,95.2,45.7,1.76,7.53,4.0,28.1,3.74,13.8,32.0,34.2,13.7,23.3,37.6,46.2
Minnesota Vikings,2060,5.0,4.0,324.1,341.0,12.0,0.834,66.7,5.82,3.79,7.4,4.53,33.5,82.9,56.7,1.95,6.33,4.5,33.3,4.55,17.3,24.8,34.1,11.6,22.8,35.7,44.5
New York (N) Giants,2060,5.7,4.0,376.8,371.0,8.9,1.337,77.1,6.53,3.31,2.8,4.85,28.0,90.9,43.9,1.95,6.66,2.9,32.5,3.94,2.5,22.0,37.8,17.2,25.9,31.5,41.0
Indianapolis Colts,2060,5.9,7.0,320.4,308.3,15.5,1.397,64.0,5.67,3.68,4.9,4.13,23.5,65.3,69.0,3.36,5.47,6.5,28.6,4.34,10.5,25.4,36.4,13.4,23.6,34.1,41.1
Dallas Cowboys,2060,10.0,11.0,439.1,408.7,7.6,1.022,109.5,7.63,1.06,3.5,4.85,38.5,88.8,51.4,2.2,7.17,3.3,30.6,4.62,12.9,25.4,37.0,14.1,23.7,36.6,46.5
Buffalo Bills,2060,7.5,9.0,363.1,381.3,9.6,0.787,86.2,7.2,3.12,4.5,3.96,27.7,84.2,59.3,2.56,6.46,4.6,35.2,4.75,11.1,21.8,35.3,10.6,27.2,35.4,41.2
Baltimore Ravens,2060,7.1,7.0,333.3,365.6,10.0,1.047,86.7,6.58,1.27,4.3,3.45,27.9,79.3,63.5,3.69,6.63,4.2,30.9,4.67,15.5,24.4,36.0,12.8,25.6,36.6,44.0
Tampa Bay Buccaneers,2060,5.0,4.0,346.5,365.9,10.5,1.39,74.8,6.54,3.34,4.4,4.28,22.7,84.0,60.4,2.46,6.41,4.4,33.6,4.17,16.2,25.9,36.2,11.2,24.9,36.5,42.9
Detroit Lions,2060,5.8,4.0,316.7,340.6,9.3,0.596,79.4,6.39,2.5,5.6,3.73,25.9,76.4,61.9,2.96,6.03,3.7,38.2,4.51,10.2,24.7,37.2,15.3,24.1,34.5,41.7
Los Angeles (A) Chargers,2060,0.9,1.0,269.0,377.9,12.5,0.681,58.6,5.23,2.87,7.4,3.67,23.4,88.1,51.8,2.36,6.63,3.0,35.0,4.75,5.7,19.9,36.6,19.1,31.4,35.6,47.4
New Orleans Saints,2060,7.3,7.0,340.6,364.6,11.7,1.151,79.4,6.13,3.14,4.6,3.44,19.5,83.1,50.6,1.98,6.36,3.8,29.6,4.48,15.8,23.5,36.0,14.8,30.1,34.7,46.0
Cleveland Browns,2060,10.1,10.0,455.8,351.3,6.5,0.621,81.4,7.0,3.76,3.3,5.13,1.2,83.1,48.5,2.16,6.3,3.1,29.2,3.8,6.9,27.7,38.6,14.0,32.0,31.4,43.5
Houston Texans,2061,10.6,12.0,359.7,315.1,6.9,0.366,84.6,7.08,2.72,4.3,4.53,33.8,74.1,61.2,3.12,6.34,6.0,31.1,4.7,13.3,26.1,34.6,18.3,25.2,30.9,43.1
Tennessee Titans,2061,10.3,8.0,360.4,307.8,6.4,1.031,86.2,6.87,2.42,8.1,5.03,36.0,79.0,49.4,2.59,6.43,5.8,23.1,3.94,9.9,21.4,37.2,13.7,25.0,32.3,40.4
Philadelphia Eagles,2061,10.5,11.0,430.8,349.1,7.9,0.37,100.7,7.54,2.87,3.5,5.6,43.8,86.9,54.7,2.39,6.83,4.1,29.1,4.63,13.9,29.1,34.5,14.0,28.8,39.1,47.3
Green Bay Packers,2061,10.5,9.0,373.6,312.3,11.3,0.657,89.0,6.98,1.38,4.0,4.77,36.4,69.7,58.7,3.32,6.35,5.6,33.3,3.75,14.2,25.4,37.1,15.5,26.4,34.8,44.5
Miami Dolphins,2061,6.6,7.0,334.4,339.4,6.3,0.956,86.3,6.52,2.44,4.0,4.35,28.3,86.1,49.2,1.83,6.81,5.8,21.9,3.78,6.3,20.1,38.0,16.4,28.7,34.3,45.2
Los Angeles (N) Rams,2061,9.5,9.0,332.2,329.9,7.9,0.981,86.4,6.7,2.24,5.9,4.57,30.8,80.9,52.9,3.42,7.0,4.2,28.6,4.02,17.8,22.8,35.1,9.6,22.9,35.8,44.1
San Francisco 49ers,2061,6.6,7.0,359.8,352.0,11.3,0.662,81.6,6.43,2.19,4.4,4.95,28.5,96.9,42.8,0.37,7.1,5.0,28.8,4.32,9.5,24.7,37.6,13.6,25.9,37.1,46.7
Seattle Seahawks,2061,8.7,9.0,349.0,331.6,6.6,0.967,86.7,6.93,2.25,4.9,4.55,33.7,81.7,54.4,2.0,6.62,4.2,32.2,4.38,5.7,19.2,37.7,13.3,30.2,37.3,47.9
Chicago Bears,2061,10.2,10.0,361.7,332.5,10.7,0.763,77.1,6.96,3.2,5.7,4.66,39.4,69.6,63.2,3.78,6.29,3.6,27.7,3.95,15.1,25.7,36.7,8.4,27.0,37.8,43.9
Jacksonville Jaguars,2061,4.9,4.0,294.6,342.9,14.3,0.605,68.5,5.52,3.42,5.3,4.61,34.8,85.7,55.5,2.25,6.69,4.9,29.9,4.29,17.0,27.4,32.4,11.0,26.0,39.2,47.4
Arizona Cardinals,2061,10.2,12.0,352.2,319.6,9.4,0.921,99.8,7.84,2.35,5.3,4.39,31.5,79.4,55.6,2.98,6.16,6.6,31.4,4.41,11.4,26.2,37.8,15.1,22.9,34.8,43.9
Atlanta Falcons,2061,9.7,10.0,362.8,330.4,7.2,0.75,89.3,6.91,1.25,4.3,4.36,34.0,82.2,63.4,2.03,6.2,4.3,33.7,4.49,8.9,24.6,35.4,10.1,23.3,37.5,45.8
Detroit Lions,2061,5.8,6.0,335.9,369.2,7.9,0.582,76.1,6.77,4.26,5.8,4.29,27.1,86.9,49.6,2.97,6.98,4.9,36.0,4.72,7.9,20.5,38.7,13.0,26.3,37.5,44.5
Denver Broncos,2061,9.9,10.0,368.3,342.7,7.6,0.851,88.5,7.09,2.66,4.1,4.37,30.3,79.0,57.4,4.14,6.88,6.2,35.5,4.61,16.1,27.2,34.7,14.6,25.6,35.6,44.8
Cincinnati Bengals,2061,6.8,7.0,339.1,364.3,7.0,0.571,78.1,6.57,2.38,5.0,4.26,30.9,87.8,49.1,1.53,6.37,4.1,34.2,4.94,8.3,20.2,36.6,12.4,24.8,38.8,48.0
Tampa Bay Buccaneers,2061,9.0,7.0,349.1,376.6,10.5,0.877,88.7,6.82,1.93,5.3,4.42,29.6,88.4,56.1,2.2,7.2,3.0,27.7,3.7,14.6,27.0,35.4,10.4,22.9,36.7,42.5
Las Vegas Raiders,2061,8.7,10.0,310.3,330.3,8.5,0.397,88.6,6.49,1.95,6.5,4.01,29.7,80.4,56.7,1.9,6.38,5.6,30.5,4.02,20.0,23.9,33.8,11.0,23.7,35.1,43.1
Pittsburgh Steelers,2061,11.4,12.0,421.1,343.4,10.2,0.556,103.1,7.82,1.53,3.7,4.42,32.9,83.0,61.5,2.68,6.86,5.5,27.4,4.23,15.6,27.3,35.4,10.7,21.6,36.5,46.2
Kansas City Chiefs,2061,6.9,8.0,286.6,331.3,8.4,0.922,67.2,5.17,2.02,5.3,3.72,32.4,76.0,57.0,2.83,6.12,5.7,29.5,4.65,13.7,24.5,36.3,9.8,22.6,38.6,45.6
New York (A) Jets,2061,10.2,9.0,417.8,365.1,6.7,0.638,86.8,7.02,2.71,3.7,5.12,28.0,76.1,65.9,2.61,6.11,3.7,30.2,4.18,10.0,22.4,36.3,7.5,22.5,38.1,44.7
New England Patriots,2061,6.1,8.0,326.1,332.5,11.1,0.547,63.4,5.44,3.5,4.5,4.4,22.2,77.2,65.4,2.72,6.44,4.6,25.0,3.72,12.3,23.9,38.3,10.0,22.3,39.3,48.0
Buffalo Bills,2061,5.7,4.0,369.6,357.3,8.5,0.724,71.7,6.12,3.2,3.0,4.53,25.8,89.9,50.1,2.78,6.96,4.8,33.0,4.39,12.2,23.9,36.6,9.7,20.3,34.9,40.2
Minnesota Vikings,2061,6.3,7.0,333.3,350.3,11.5,1.024,74.8,6.36,2.65,6.4,3.91,25.2,81.4,54.9,1.78,6.56,3.9,29.4,3.9,16.1,27.2,35.6,9.3,23.4,37.7,45.2
Indianapolis Colts,2061,4.1,4.0,280.2,352.2,10.0,1.086,69.4,5.66,2.37,5.9,3.54,25.1,76.9,61.1,2.23,6.06,3.4,30.9,4.58,7.2,24.5,38.6,10.3,23.9,34.6,41.3
New York (N) Giants,2061,6.8,8.0,409.6,353.6,11.7,0.275,83.3,7.7,4.22,3.0,3.57,23.8,91.8,42.5,1.35,6.23,5.4,38.7,5.11,3.2,28.2,39.3,16.8,33.1,34.1,43.7
Los Angeles (A) Chargers,2061,2.6,2.0,277.1,329.9,14.2,1.615,75.4,5.89,2.21,8.9,3.82,21.6,90.2,47.4,2.35,6.7,4.3,30.4,3.91,8.8,24.4,37.7,13.5,32.3,34.9,42.7
Washington Commanders,2061,6.7,6.0,318.0,388.2,8.7,0.683,75.2,5.81,2.61,4.8,4.3,31.9,96.1,38.6,2.24,7.54,7.3,34.2,4.79,13.4,32.6,36.5,10.9,25.1,38.3,46.0
Carolina Panthers,2061,7.3,9.0,355.7,410.6,8.9,0.303,96.4,7.19,1.24,4.3,3.84,31.8,93.9,40.7,2.2,7.29,4.2,32.5,4.93,18.7,25.7,33.9,7.9,20.7,36.5,44.0
Dallas Cowboys,2061,9.7,10.0,348.0,368.2,6.7,0.672,85.7,6.67,2.73,4.4,3.68,31.2,72.2,61.7,4.03,6.49,5.8,34.9,4.84,13.4,26.1,35.5,10.3,23.3,39.0,48.0
Baltimore Ravens,2061,6.1,6.0,321.9,390.4,11.0,0.773,79.0,6.39,1.64,4.1,3.05,25.7,79.9,55.6,2.54,6.65,2.5,29.3,4.52,10.0,22.8,37.6,10.3,25.9,35.0,42.2
New Orleans Saints,2061,5.4,5.0,335.1,377.3,9.5,1.003,84.0,6.89,2.23,4.1,3.07,27.9,84.6,50.5,2.11,6.72,3.7,33.3,4.65,9.1,19.3,36.6,9.5,22.5,37.1,45.8
Cleveland Browns,2061,9.2,10.0,394.8,372.8,8.7,0.482,86.8,6.83,2.48,3.9,4.24,4.4,89.7,47.8,2.3,7.3,5.6,28.0,3.75,9.7,29.1,36.8,12.7,24.2,37.6,47.5
Houston Texans,2062,7.9,7.0,374.5,343.0,7.6,0.65,94.4,7.69,1.58,3.3,4.58,34.4,95.1,43.9,1.48,7.06,2.9,38.1,4.74,13.2,27.1,35.1,16.0,28.4,30.3,38.8
Tennessee Titans,2062,11.9,13.0,388.9,306.4,7.6,0.639,99.2,7.69,2.01,4.3,4.61,34.9,72.3,67.1,3.47,6.27,4.8,28.5,3.98,10.0,23.1,37.2,13.0,29.3,35.3,44.4
Philadelphia Eagles,2062,11.1,12.0,385.3,348.4,8.4,0.387,103.8,7.0,1.84,3.0,5.34,42.6,89.0,49.9,2.08,6.81,2.9,31.8,4.47,15.2,28.1,32.2,8.1,29.4,40.0,47.5
San Francisco 49ers,2062,8.6,9.0,353.8,341.8,9.0,0.557,86.3,6.58,2.24,7.0,4.82,30.7,86.8,53.4,3.1,7.03,4.5,33.4,4.7,8.6,30.8,38.3,13.6,25.0,36.9,47.1
Kansas City Chiefs,2062,4.5,5.0,254.6,325.0,7.5,0.598,62.2,5.28,2.75,5.2,3.78,31.0,76.1,68.1,3.08,6.69,6.2,37.4,4.91,10.4,21.4,35.7,13.8,23.9,35.4,45.3
Seattle Seahawks,2062,12.4,12.0,383.6,311.1,6.5,0.943,98.7,7.3,1.78,5.9,5.03,40.4,78.8,58.5,2.09,6.67,6.6,26.5,4.07,11.2,26.7,37.3,12.8,26.7,38.2,47.9
Denver Broncos,2062,8.7,8.0,405.8,373.5,6.8,0.68,91.3,7.64,3.31,4.2,5.37,36.6,89.2,48.3,2.36,7.05,4.8,34.0,4.85,12.3,24.5,36.8,10.0,24.4,37.1,44.9
Green Bay Packers,2062,9.1,10.0,401.1,356.4,13.8,0.551,86.2,7.55,2.39,4.6,4.77,38.8,83.0,54.4,2.53,6.57,4.8,34.2,5.24,10.3,21.8,38.9,7.4,22.5,36.5,44.4
Chicago Bears,2062,9.4,9.0,344.8,339.3,8.4,1.058,83.7,6.52,1.8,6.2,4.86,37.2,83.6,61.4,1.72,6.36,5.1,29.3,4.25,14.7,26.7,35.1,7.2,23.9,37.0,42.5
Miami Dolphins,2062,7.4,9.0,329.4,334.3,4.8,0.676,86.5,6.54,1.98,5.2,4.38,29.5,86.0,50.6,1.9,6.95,4.7,29.2,4.09,14.9,22.7,35.5,11.9,23.0,34.7,42.8
New England Patriots,2062,7.5,6.0,340.1,345.3,9.0,0.995,78.4,6.02,1.67,5.1,4.45,26.6,90.7,50.0,2.91,7.55,5.3,26.5,3.68,9.4,21.7,37.6,12.6,20.8,37.8,47.2
Atlanta Falcons,2062,7.9,8.0,329.6,320.3,9.3,0.682,81.4,6.57,3.4,4.7,4.33,32.6,77.9,58.9,2.73,6.25,3.5,29.3,3.67,7.5,23.5,38.2,13.0,25.5,37.4,45.9
Los Angeles (N) Rams,2062,8.1,11.0,353.9,347.5,9.0,0.583,86.9,7.32,2.87,6.0,4.49,33.5,88.1,51.1,1.65,6.6,4.6,31.1,4.65,11.5,24.2,37.0,8.9,24.9,37.3,44.0
Tampa Bay Buccaneers,2062,7.6,9.0,361.1,368.7,10.7,1.197,70.1,6.27,3.18,4.0,4.72,32.8,81.6,55.6,2.48,6.6,4.3,30.2,3.94,11.2,25.9,37.1,12.9,25.9,35.3,42.9
Las Vegas Raiders,2062,8.3,9.0,302.9,328.8,10.6,0.585,81.0,5.72,1.77,6.1,4.46,31.5,75.2,58.3,2.77,6.22,6.3,32.9,4.7,17.5,26.0,33.5,10.7,25.7,36.6,43.7
Indianapolis Colts,2062,6.6,8.0,311.1,363.9,11.2,0.481,79.8,5.85,1.17,5.2,4.29,34.1,91.0,50.5,1.82,6.95,2.9,28.0,4.13,15.8,24.7,34.0,13.1,23.1,37.1,45.7
Buffalo Bills,2062,11.1,11.0,393.9,342.6,9.8,1.049,95.4,8.12,2.59,4.6,4.28,28.0,78.8,55.8,1.88,6.38,5.8,33.2,4.69,12.3,21.1,34.8,11.7,21.1,33.3,39.7
New Orleans Saints,2062,2.2,1.0,273.5,380.1,11.6,1.196,75.3,6.62,3.28,4.1,3.63,24.9,98.3,48.8,1.48,7.54,3.0,27.0,4.3,10.2,20.3,37.3,12.2,25.5,36.0,43.9
Los Angeles (A) Chargers,2062,7.9,8.0,331.4,320.8,13.7,0.802,83.7,6.71,1.83,5.2,4.31,31.8,71.6,56.9,3.7,6.34,7.6,31.2,4.36,9.8,23.7,35.5,12.7,25.9,36.0,43.9
Arizona Cardinals,2062,6.1,6.0,333.9,340.1,8.5,0.596,89.9,6.68,1.8,4.6,4.23,30.7,95.4,48.9,2.5,7.27,3.8,33.1,4.18,10.0,24.9,39.2,14.2,28.8,33.0,43.1
Cincinnati Bengals,2062,6.7,5.0,293.3,348.2,7.5,0.493,72.0,5.88,3.62,4.2,3.72,24.8,77.8,54.0,2.76,6.86,3.2,28.8,3.78,7.2,20.8,36.7,10.7,29.1,40.4,47.5
Jacksonville Jaguars,2062,3.9,5.0,286.3,344.9,11.9,0.504,73.1,5.37,2.15,4.5,4.22,33.3,105.8,38.6,0.79,7.49,4.0,26.2,3.64,12.9,25.7,35.2,9.9,23.8,35.9,41.9
Minnesota Vikings,2062,4.9,4.0,311.5,384.0,13.6,1.056,64.7,5.71,3.09,5.4,4.29,25.2,90.8,54.6,2.35,7.23,3.3,32.3,4.28,15.2,23.7,34.9,8.9,23.1,39.9,46.4
Detroit Lions,2062,5.6,4.0,329.2,334.4,7.0,0.568,68.0,5.99,3.83,3.8,4.16,29.9,90.7,54.3,1.92,7.31,6.8,28.3,4.11,7.7,23.6,37.9,13.2,23.0,37.0,44.1
Pittsburgh Steelers,2062,10.0,11.0,442.5,374.8,10.6,0.283,97.7,8.09,1.29,3.1,4.59,26.8,82.4,55.8,2.17,6.51,3.8,29.4,4.17,13.7,25.1,36.4,11.5,24.4,35.9,44.1
Washington Commanders,2062,8.9,10.0,329.6,383.6,8.0,0.493,89.0,6.65,2.06,3.3,3.69,28.6,87.9,52.7,2.78,6.97,4.2,34.7,4.26,14.3,31.3,34.0,11.7,22.5,37.5,47.2
Carolina Panthers,2062,9.8,11.0,382.6,368.8,7.8,0.643,85.8,7.12,2.17,4.0,3.72,31.4,83.3,49.3,2.17,6.94,4.0,34.0,4.4,13.0,30.1,36.4,6.4,24.3,37.8,44.3
New York (N) Giants,2062,7.5,6.0,377.9,359.7,10.4,0.772,94.1,7.26,1.2,2.9,3.83,24.1,86.6,55.8,2.26,6.17,3.8,34.7,4.72,7.3,30.2,37.5,11.9,25.9,32.5,41.3
New York (A) Jets,2062,7.5,7.0,374.2,370.2,7.7,1.099,82.8,7.17,4.07,5.2,4.66,29.5,74.0,64.3,2.91,6.09,4.0,34.8,4.97,10.1,21.3,37.9,9.9,22.3,36.9,43.9
Baltimore Ravens,2062,5.5,6.0,330.8,361.6,9.7,0.841,84.3,6.36,1.82,4.1,3.34,27.0,86.6,56.4,2.28,6.72,3.9,28.8,4.28,8.0,21.3,37.1,11.5,24.9,35.5,42.4
Dallas Cowboys,2062,4.3,2.0,350.9,440.5,9.1,0.816,88.5,6.91,2.54,3.2,3.84,27.1,108.9,32.2,1.54,7.94,2.6,41.0,5.38,5.8,26.8,36.7,8.0,29.4,38.7,47.2
Cleveland Browns,2062,13.2,14.0,489.4,343.4,6.5,0.995,101.3,7.77,1.82,3.0,3.77,4.6,75.7,66.9,2.93,6.51,5.4,27.6,3.87,11.6,29.0,38.6,15.1,20.6,36.0,45.8
Kansas City Chiefs,2063,10.0,10.0,420.8,361.8,7.8,0.654,107.6,7.78,1.6,5.3,5.55,44.7,94.6,48.9,1.92,7.29,5.1,31.4,4.64,14.3,24.1,34.0,12.4,24.7,37.9,47.3
Philadelphia Eagles,2063,10.8,13.0,401.2,371.4,9.4,0.289,110.4,7.51,0.99,3.6,5.36,42.9,87.3,52.4,3.06,7.19,5.4,25.7,4.27,17.5,25.5,36.8,10.1,27.4,41.1,48.5
Green Bay Packers,2063,9.7,9.0,368.5,331.0,10.0,0.852,86.2,6.86,1.83,3.3,4.79,41.1,88.8,45.2,2.19,6.98,5.8,32.4,4.64,16.6,24.5,37.1,9.6,22.5,40.7,47.4
San Francisco 49ers,2063,11.2,12.0,362.0,351.2,11.5,0.66,81.2,6.32,1.52,3.5,5.02,30.1,72.5,58.9,2.82,6.61,4.0,27.8,4.04,10.5,21.5,37.4,9.8,23.6,37.5,46.5
Seattle Seahawks,2063,7.7,8.0,372.6,367.8,9.6,0.585,90.4,7.26,2.77,5.4,5.06,34.6,92.3,51.0,1.51,7.15,6.6,32.6,4.5,8.0,20.1,39.6,9.0,24.7,39.5,47.3
Las Vegas Raiders,2063,8.1,10.0,340.3,343.8,11.2,0.577,91.9,7.29,2.4,5.6,4.1,27.2,85.3,49.0,1.98,6.63,3.7,28.9,4.11,14.1,21.6,33.9,13.7,24.1,33.2,41.6
New England Patriots,2063,7.8,8.0,328.1,352.0,10.8,0.464,84.9,6.05,1.72,4.4,4.2,29.4,79.5,63.2,2.89,6.94,2.2,28.3,4.24,10.1,22.2,37.2,14.2,25.0,36.7,46.9
Tampa Bay Buccaneers,2063,9.6,9.0,321.0,343.2,12.1,0.58,67.2,5.73,3.43,4.6,4.7,28.2,76.1,56.9,2.44,6.63,6.0,27.7,3.86,12.9,27.6,36.1,8.1,21.5,37.8,43.2
Los Angeles (N) Rams,2063,4.2,3.0,335.7,365.4,7.0,1.213,72.9,6.35,3.33,5.4,4.22,28.6,92.7,48.2,2.07,7.42,5.2,31.5,4.14,5.8,20.8,38.0,12.8,28.8,34.3,40.8
Cincinnati Bengals,2063,7.2,7.0,342.3,370.3,7.1,0.927,75.2,6.59,2.58,5.7,4.13,29.2,83.2,57.3,2.08,6.46,2.5,30.1,4.6,12.6,26.5,36.3,11.0,24.6,39.6,49.1
Tennessee Titans,2063,7.8,7.0,334.7,343.9,9.4,0.773,85.7,6.4,1.49,4.3,4.38,33.6,81.6,51.1,3.02,6.82,3.9,24.4,3.91,8.9,21.1,36.9,13.0,27.2,35.9,45.5
Indianapolis Colts,2063,8.6,9.0,356.2,344.8,11.2,0.944,90.1,6.86,1.07,5.7,4.44,31.0,76.8,62.1,2.97,6.42,3.2,27.8,4.24,11.8,22.8,35.6,11.0,22.3,36.2,45.2
Jacksonville Jaguars,2063,9.4,7.0,330.0,310.0,11.2,0.935,74.2,6.04,1.92,5.4,4.37,32.4,79.2,55.3,1.78,5.7,6.5,31.4,4.3,11.0,29.0,38.4,12.2,23.3,36.8,44.5
Atlanta Falcons,2063,6.8,6.0,320.4,306.2,9.7,0.569,68.4,6.12,3.95,4.3,4.03,31.7,81.5,53.2,2.08,6.37,5.9,28.2,3.44,9.2,29.3,36.7,14.8,22.3,35.5,44.1
Minnesota Vikings,2063,9.8,12.0,340.6,343.0,10.7,0.725,89.8,7.23,2.04,3.5,4.37,31.9,79.8,56.4,2.52,6.3,6.7,30.5,4.45,13.2,28.6,36.8,7.9,21.8,41.1,48.6
Detroit Lions,2063,7.9,8.0,329.1,327.0,7.6,0.737,81.1,6.01,1.64,7.3,4.52,31.2,76.9,56.8,2.3,6.44,3.5,32.8,4.38,11.7,25.2,35.7,11.0,24.4,37.4,43.9
Arizona Cardinals,2063,6.6,6.0,367.5,373.1,8.3,0.66,85.4,7.04,2.65,3.8,4.09,30.1,92.5,50.0,1.75,7.08,4.5,30.7,4.48,13.2,22.2,35.0,11.9,22.3,35.8,45.4
Denver Broncos,2063,8.1,8.0,326.3,365.9,8.4,0.947,78.2,6.22,2.52,4.6,3.92,25.2,82.9,56.9,2.98,7.04,5.0,35.6,4.61,16.7,29.8,34.6,10.1,21.6,37.0,45.2
Buffalo Bills,2063,5.5,6.0,394.6,411.3,9.1,0.667,76.6,7.18,4.35,3.8,4.73,28.3,101.2,49.3,1.9,7.97,5.1,27.9,4.15,13.6,24.7,33.5,15.5,22.3,32.7,41.3
Houston Texans,2063,4.2,3.0,299.8,369.2,9.9,0.679,64.7,5.54,2.36,3.6,3.95,29.2,90.6,44.6,1.54,6.9,4.7,32.3,4.57,16.1,23.5,34.4,7.8,21.8,37.5,44.5
Los Angeles (A) Chargers,2063,8.6,9.0,336.4,335.6,12.2,0.486,82.2,6.78,1.85,6.6,4.05,26.9,79.1,58.0,2.81,6.39,5.6,29.8,4.11,8.8,25.5,39.2,14.0,23.7,36.0,44.2
Chicago Bears,2063,3.0,3.0,280.4,333.7,11.5,0.923,79.5,6.22,2.23,8.3,3.68,28.9,94.7,40.2,1.88,7.21,6.6,30.8,3.98,8.7,22.3,40.9,11.4,28.6,36.5,44.2
New Orleans Saints,2063,4.3,3.0,260.9,361.8,11.5,0.953,69.6,6.16,4.15,5.9,3.22,21.3,84.1,54.5,2.28,6.37,3.0,36.5,4.14,12.9,24.1,37.4,11.5,22.2,40.4,48.0
Dallas Cowboys,2063,8.5,7.0,397.6,350.9,7.6,1.269,90.8,6.9,2.68,3.4,4.14,25.6,99.1,48.0,1.39,7.5,4.5,27.8,3.61,11.8,21.1,38.4,11.1,26.6,38.6,48.2
Miami Dolphins,2063,8.7,12.0,405.8,362.8,5.6,1.047,95.5,7.34,1.5,4.4,4.68,25.3,86.2,52.3,2.49,6.87,4.3,26.4,4.2,8.4,24.5,36.8,15.0,25.0,33.7,42.2
Baltimore Ravens,2063,6.0,7.0,366.1,361.9,9.1,0.806,85.5,6.92,2.21,4.2,3.24,30.5,90.7,49.5,2.9,6.9,3.3,30.2,4.66,7.9,23.0,40.1,11.6,25.9,35.5,43.2
Carolina Panthers,2063,9.8,11.0,398.4,363.0,8.1,0.842,97.5,7.41,1.39,5.6,4.19,38.8,84.5,52.6,1.93,6.68,4.0,29.0,4.47,11.7,26.5,37.8,13.4,23.2,34.1,42.4
Pittsburgh Steelers,2063,11.0,12.0,413.8,358.4,9.0,1.063,102.9,8.21,2.25,2.6,3.53,19.5,82.1,60.9,3.37,6.87,6.3,27.1,4.11,10.6,22.4,35.6,15.0,24.6,37.0,48.8
New York (N) Giants,2063,6.1,7.0,353.1,379.5,11.1,0.787,81.8,7.29,2.82,4.9,3.42,22.0,82.9,49.6,2.64,6.37,4.2,35.9,4.65,6.6,24.3,36.9,10.9,27.8,35.1,44.1
Washington Commanders,2063,9.5,8.0,374.2,373.8,9.2,0.191,91.8,7.51,2.54,3.7,3.21,28.6,89.2,43.1,2.97,7.08,5.3,32.7,4.86,11.5,31.2,37.4,8.0,24.8,36.2,45.2
New York (A) Jets,2063,5.2,4.0,356.8,398.9,8.1,1.071,77.8,6.73,3.36,4.4,3.59,19.6,82.1,52.9,2.68,6.71,2.0,35.9,4.81,9.2,21.8,37.1,10.8,24.6,37.2,46.9
Cleveland Browns,2063,11.2,12.0,472.6,375.2,7.6,0.728,102.8,7.57,1.95,3.9,5.07,10.2,88.0,52.9,1.61,7.35,5.7,27.9,3.77,15.5,26.2,34.1,15.0,24.7,31.0,39.3
